taxel,zone,zone_name,row,col,mu,sigma,min,max,excursion_max,excluded,noisy,thr
0,0,Meñique — Punta,0,0,0.000,0.000,0,0,0.0,0,0,41.0
1,0,Meñique — Punta,0,1,0.000,0.000,0,0,0.0,0,0,41.0
2,0,Meñique — Punta,0,2,0.000,0.000,0,0,0.0,0,0,41.0
3,0,Meñique — Punta,1,0,369.491,2.200,362,378,8.5,0,1,41.0
4,0,Meñique — Punta,1,1,90.870,8.396,35,102,55.9,0,1,42.0
5,0,Meñique — Punta,1,2,24.927,2.750,17,48,23.1,0,1,41.0
6,0,Meñique — Punta,2,0,333.893,3.180,324,343,9.9,0,1,41.0
7,0,Meñique — Punta,2,1,175.827,7.957,136,188,39.8,0,1,41.0
8,0,Meñique — Punta,2,2,62.887,5.929,50,78,15.1,0,1,41.0
9,1,Meñique — Distal,0,0,0.000,0.000,0,0,0.0,0,0,41.0
10,1,Meñique — Distal,0,1,0.000,0.000,0,0,0.0,0,0,41.0
11,1,Meñique — Distal,0,2,0.000,0.000,0,0,0.0,0,0,41.0
12,1,Meñique — Distal,0,3,0.000,0.000,0,0,0.0,0,0,41.0
13,1,Meñique — Distal,0,4,0.000,0.000,0,0,0.0,0,0,41.0
14,1,Meñique — Distal,0,5,0.000,0.000,0,0,0.0,0,0,41.0
15,1,Meñique — Distal,0,6,0.000,0.000,0,0,0.0,0,0,41.0
16,1,Meñique — Distal,0,7,0.000,0.000,0,0,0.0,0,0,41.0
17,1,Meñique — Distal,1,0,0.000,0.000,0,0,0.0,0,0,41.0
18,1,Meñique — Distal,1,1,0.000,0.000,0,0,0.0,0,0,41.0
19,1,Meñique — Distal,1,2,0.000,0.000,0,0,0.0,0,0,41.0
20,1,Meñique — Distal,1,3,0.000,0.000,0,0,0.0,0,0,41.0
21,1,Meñique — Distal,1,4,0.000,0.000,0,0,0.0,0,0,41.0
22,1,Meñique — Distal,1,5,0.000,0.000,0,0,0.0,0,0,41.0
23,1,Meñique — Distal,1,6,0.000,0.000,0,0,0.0,0,0,41.0
24,1,Meñique — Distal,1,7,0.000,0.000,0,0,0.0,0,0,41.0
25,1,Meñique — Distal,2,0,0.000,0.000,0,0,0.0,0,0,41.0
26,1,Meñique — Distal,2,1,0.000,0.000,0,0,0.0,0,0,41.0
27,1,Meñique — Distal,2,2,0.000,0.000,0,0,0.0,0,0,41.0
28,1,Meñique — Distal,2,3,0.000,0.000,0,0,0.0,0,0,41.0
29,1,Meñique — Distal,2,4,0.000,0.000,0,0,0.0,0,0,41.0
30,1,Meñique — Distal,2,5,0.000,0.000,0,0,0.0,0,0,41.0
31,1,Meñique — Distal,2,6,0.000,0.000,0,0,0.0,0,0,41.0
32,1,Meñique — Distal,2,7,0.000,0.000,0,0,0.0,0,0,41.0
33,1,Meñique — Distal,3,0,0.483,1.271,0,23,22.5,0,1,41.0
34,1,Meñique — Distal,3,1,0.000,0.000,0,0,0.0,0,0,41.0
35,1,Meñique — Distal,3,2,0.000,0.000,0,0,0.0,0,0,41.0
36,1,Meñique — Distal,3,3,0.000,0.000,0,0,0.0,0,0,41.0
37,1,Meñique — Distal,3,4,0.000,0.000,0,0,0.0,0,0,41.0
38,1,Meñique — Distal,3,5,0.000,0.000,0,0,0.0,0,0,41.0
39,1,Meñique — Distal,3,6,0.000,0.000,0,0,0.0,0,0,41.0
40,1,Meñique — Distal,3,7,0.000,0.000,0,0,0.0,0,0,41.0
41,1,Meñique — Distal,4,0,43.957,1.723,24,65,21.0,0,1,41.0
42,1,Meñique — Distal,4,1,0.000,0.000,0,0,0.0,0,0,41.0
43,1,Meñique — Distal,4,2,0.000,0.000,0,0,0.0,0,0,41.0
44,1,Meñique — Distal,4,3,0.000,0.000,0,0,0.0,0,0,41.0
45,1,Meñique — Distal,4,4,0.000,0.000,0,0,0.0,0,0,41.0
46,1,Meñique — Distal,4,5,0.000,0.000,0,0,0.0,0,0,41.0
47,1,Meñique — Distal,4,6,0.000,0.000,0,0,0.0,0,0,41.0
48,1,Meñique — Distal,4,7,0.000,0.000,0,0,0.0,0,0,41.0
49,1,Meñique — Distal,5,0,0.000,0.000,0,0,0.0,0,0,41.0
50,1,Meñique — Distal,5,1,0.000,0.000,0,0,0.0,0,0,41.0
51,1,Meñique — Distal,5,2,0.000,0.000,0,0,0.0,0,0,41.0
52,1,Meñique — Distal,5,3,0.000,0.000,0,0,0.0,0,0,41.0
53,1,Meñique — Distal,5,4,0.000,0.000,0,0,0.0,0,0,41.0
54,1,Meñique — Distal,5,5,0.000,0.000,0,0,0.0,0,0,41.0
55,1,Meñique — Distal,5,6,0.000,0.000,0,0,0.0,0,0,41.0
56,1,Meñique — Distal,5,7,0.000,0.000,0,0,0.0,0,0,41.0
57,1,Meñique — Distal,6,0,0.000,0.000,0,0,0.0,0,0,41.0
58,1,Meñique — Distal,6,1,0.000,0.000,0,0,0.0,0,0,41.0
59,1,Meñique — Distal,6,2,0.000,0.000,0,0,0.0,0,0,41.0
60,1,Meñique — Distal,6,3,0.000,0.000,0,0,0.0,0,0,41.0
61,1,Meñique — Distal,6,4,0.000,0.000,0,0,0.0,0,0,41.0
62,1,Meñique — Distal,6,5,0.000,0.000,0,0,0.0,0,0,41.0
63,1,Meñique — Distal,6,6,0.000,0.000,0,0,0.0,0,0,41.0
64,1,Meñique — Distal,6,7,0.000,0.000,0,0,0.0,0,0,41.0
65,1,Meñique — Distal,7,0,0.047,0.797,0,17,17.0,0,1,41.0
66,1,Meñique — Distal,7,1,0.000,0.000,0,0,0.0,0,0,41.0
67,1,Meñique — Distal,7,2,0.000,0.000,0,0,0.0,0,0,41.0
68,1,Meñique — Distal,7,3,0.000,0.000,0,0,0.0,0,0,41.0
69,1,Meñique — Distal,7,4,0.000,0.000,0,0,0.0,0,0,41.0
70,1,Meñique — Distal,7,5,0.000,0.000,0,0,0.0,0,0,41.0
71,1,Meñique — Distal,7,6,0.000,0.000,0,0,0.0,0,0,41.0
72,1,Meñique — Distal,7,7,0.000,0.000,0,0,0.0,0,0,41.0
73,1,Meñique — Distal,8,0,0.000,0.000,0,0,0.0,0,0,41.0
74,1,Meñique — Distal,8,1,0.000,0.000,0,0,0.0,0,0,41.0
75,1,Meñique — Distal,8,2,0.000,0.000,0,0,0.0,0,0,41.0
76,1,Meñique — Distal,8,3,0.000,0.000,0,0,0.0,0,0,41.0
77,1,Meñique — Distal,8,4,0.000,0.000,0,0,0.0,0,0,41.0
78,1,Meñique — Distal,8,5,0.000,0.000,0,0,0.0,0,0,41.0
79,1,Meñique — Distal,8,6,0.000,0.000,0,0,0.0,0,0,41.0
80,1,Meñique — Distal,8,7,0.000,0.000,0,0,0.0,0,0,41.0
81,1,Meñique — Distal,9,0,0.000,0.000,0,0,0.0,0,0,41.0
82,1,Meñique — Distal,9,1,5.727,0.677,0,10,5.7,0,1,41.0
83,1,Meñique — Distal,9,2,0.000,0.000,0,0,0.0,0,0,41.0
84,1,Meñique — Distal,9,3,0.000,0.000,0,0,0.0,0,0,41.0
85,1,Meñique — Distal,9,4,0.000,0.000,0,0,0.0,0,0,41.0
86,1,Meñique — Distal,9,5,0.000,0.000,0,0,0.0,0,0,41.0
87,1,Meñique — Distal,9,6,0.000,0.000,0,0,0.0,0,0,41.0
88,1,Meñique — Distal,9,7,0.000,0.000,0,0,0.0,0,0,41.0
89,1,Meñique — Distal,10,0,0.000,0.000,0,0,0.0,0,0,41.0
90,1,Meñique — Distal,10,1,0.000,0.000,0,0,0.0,0,0,41.0
91,1,Meñique — Distal,10,2,0.000,0.000,0,0,0.0,0,0,41.0
92,1,Meñique — Distal,10,3,0.000,0.000,0,0,0.0,0,0,41.0
93,1,Meñique — Distal,10,4,0.000,0.000,0,0,0.0,0,0,41.0
94,1,Meñique — Distal,10,5,0.000,0.000,0,0,0.0,0,0,41.0
95,1,Meñique — Distal,10,6,0.000,0.000,0,0,0.0,0,0,41.0
96,1,Meñique — Distal,10,7,0.000,0.000,0,0,0.0,0,0,41.0
97,1,Meñique — Distal,11,0,0.000,0.000,0,0,0.0,0,0,41.0
98,1,Meñique — Distal,11,1,0.000,0.000,0,0,0.0,0,0,41.0
99,1,Meñique — Distal,11,2,0.000,0.000,0,0,0.0,0,0,41.0
100,1,Meñique — Distal,11,3,0.000,0.000,0,0,0.0,0,0,41.0
101,1,Meñique — Distal,11,4,0.000,0.000,0,0,0.0,0,0,41.0
102,1,Meñique — Distal,11,5,0.000,0.000,0,0,0.0,0,0,41.0
103,1,Meñique — Distal,11,6,0.000,0.000,0,0,0.0,0,0,41.0
104,1,Meñique — Distal,11,7,0.000,0.000,0,0,0.0,1,0,41.0
105,2,Meñique — Palmar,0,0,0.000,0.000,0,0,0.0,0,0,41.0
106,2,Meñique — Palmar,0,1,0.000,0.000,0,0,0.0,0,0,41.0
107,2,Meñique — Palmar,0,2,0.000,0.000,0,0,0.0,0,0,41.0
108,2,Meñique — Palmar,0,3,0.000,0.000,0,0,0.0,0,0,41.0
109,2,Meñique — Palmar,0,4,0.000,0.000,0,0,0.0,0,0,41.0
110,2,Meñique — Palmar,0,5,0.000,0.000,0,0,0.0,0,0,41.0
111,2,Meñique — Palmar,0,6,0.000,0.000,0,0,0.0,0,0,41.0
112,2,Meñique — Palmar,0,7,0.000,0.000,0,0,0.0,0,0,41.0
113,2,Meñique — Palmar,1,0,0.000,0.000,0,0,0.0,0,0,41.0
114,2,Meñique — Palmar,1,1,0.000,0.000,0,0,0.0,0,0,41.0
115,2,Meñique — Palmar,1,2,0.000,0.000,0,0,0.0,0,0,41.0
116,2,Meñique — Palmar,1,3,0.000,0.000,0,0,0.0,0,0,41.0
117,2,Meñique — Palmar,1,4,0.000,0.000,0,0,0.0,0,0,41.0
118,2,Meñique — Palmar,1,5,0.000,0.000,0,0,0.0,0,0,41.0
119,2,Meñique — Palmar,1,6,0.000,0.000,0,0,0.0,0,0,41.0
120,2,Meñique — Palmar,1,7,0.000,0.000,0,0,0.0,0,0,41.0
121,2,Meñique — Palmar,2,0,0.000,0.000,0,0,0.0,1,0,41.0
122,2,Meñique — Palmar,2,1,0.000,0.000,0,0,0.0,0,0,41.0
123,2,Meñique — Palmar,2,2,0.000,0.000,0,0,0.0,0,0,41.0
124,2,Meñique — Palmar,2,3,0.000,0.000,0,0,0.0,0,0,41.0
125,2,Meñique — Palmar,2,4,0.000,0.000,0,0,0.0,0,0,41.0
126,2,Meñique — Palmar,2,5,0.000,0.000,0,0,0.0,0,0,41.0
127,2,Meñique — Palmar,2,6,0.000,0.000,0,0,0.0,0,0,41.0
128,2,Meñique — Palmar,2,7,0.000,0.000,0,0,0.0,0,0,41.0
129,2,Meñique — Palmar,3,0,0.024,0.215,0,3,3.0,0,1,41.0
130,2,Meñique — Palmar,3,1,0.000,0.000,0,0,0.0,0,0,41.0
131,2,Meñique — Palmar,3,2,0.000,0.000,0,0,0.0,0,0,41.0
132,2,Meñique — Palmar,3,3,0.000,0.000,0,0,0.0,0,0,41.0
133,2,Meñique — Palmar,3,4,0.000,0.000,0,0,0.0,0,0,41.0
134,2,Meñique — Palmar,3,5,0.000,0.000,0,0,0.0,0,0,41.0
135,2,Meñique — Palmar,3,6,0.000,0.000,0,0,0.0,0,0,41.0
136,2,Meñique — Palmar,3,7,0.000,0.000,0,0,0.0,0,0,41.0
137,2,Meñique — Palmar,4,0,0.000,0.000,0,0,0.0,0,0,41.0
138,2,Meñique — Palmar,4,1,0.000,0.000,0,0,0.0,0,0,41.0
139,2,Meñique — Palmar,4,2,0.000,0.000,0,0,0.0,0,0,41.0
140,2,Meñique — Palmar,4,3,0.000,0.000,0,0,0.0,0,0,41.0
141,2,Meñique — Palmar,4,4,0.000,0.000,0,0,0.0,0,0,41.0
142,2,Meñique — Palmar,4,5,0.000,0.000,0,0,0.0,0,0,41.0
143,2,Meñique — Palmar,4,6,4.124,2.206,0,8,4.1,0,1,41.0
144,2,Meñique — Palmar,4,7,0.000,0.000,0,0,0.0,0,0,41.0
145,2,Meñique — Palmar,5,0,0.000,0.000,0,0,0.0,0,0,41.0
146,2,Meñique — Palmar,5,1,0.000,0.000,0,0,0.0,0,0,41.0
147,2,Meñique — Palmar,5,2,0.000,0.000,0,0,0.0,0,0,41.0
148,2,Meñique — Palmar,5,3,0.000,0.000,0,0,0.0,0,0,41.0
149,2,Meñique — Palmar,5,4,0.000,0.000,0,0,0.0,0,0,41.0
150,2,Meñique — Palmar,5,5,0.000,0.000,0,0,0.0,0,0,41.0
151,2,Meñique — Palmar,5,6,0.000,0.000,0,0,0.0,0,0,41.0
152,2,Meñique — Palmar,5,7,1.030,1.765,0,7,6.0,0,1,41.0
153,2,Meñique — Palmar,6,0,0.000,0.000,0,0,0.0,0,0,41.0
154,2,Meñique — Palmar,6,1,0.000,0.000,0,0,0.0,0,0,41.0
155,2,Meñique — Palmar,6,2,0.000,0.000,0,0,0.0,0,0,41.0
156,2,Meñique — Palmar,6,3,0.000,0.000,0,0,0.0,0,0,41.0
157,2,Meñique — Palmar,6,4,0.000,0.000,0,0,0.0,0,0,41.0
158,2,Meñique — Palmar,6,5,0.000,0.000,0,0,0.0,0,0,41.0
159,2,Meñique — Palmar,6,6,0.000,0.000,0,0,0.0,0,0,41.0
160,2,Meñique — Palmar,6,7,32.414,1.229,30,36,3.6,0,1,41.0
161,2,Meñique — Palmar,7,0,0.000,0.000,0,0,0.0,0,0,41.0
162,2,Meñique — Palmar,7,1,0.000,0.000,0,0,0.0,1,0,41.0
163,2,Meñique — Palmar,7,2,0.000,0.000,0,0,0.0,0,0,41.0
164,2,Meñique — Palmar,7,3,0.000,0.000,0,0,0.0,0,0,41.0
165,2,Meñique — Palmar,7,4,0.000,0.000,0,0,0.0,0,0,41.0
166,2,Meñique — Palmar,7,5,0.000,0.000,0,0,0.0,0,0,41.0
167,2,Meñique — Palmar,7,6,0.000,0.000,0,0,0.0,0,0,41.0
168,2,Meñique — Palmar,7,7,23.291,4.489,13,31,10.3,0,1,41.0
169,2,Meñique — Palmar,8,0,0.000,0.000,0,0,0.0,0,0,41.0
170,2,Meñique — Palmar,8,1,0.000,0.000,0,0,0.0,0,0,41.0
171,2,Meñique — Palmar,8,2,0.000,0.000,0,0,0.0,0,0,41.0
172,2,Meñique — Palmar,8,3,0.000,0.000,0,0,0.0,0,0,41.0
173,2,Meñique — Palmar,8,4,0.000,0.000,0,0,0.0,0,0,41.0
174,2,Meñique — Palmar,8,5,0.000,0.000,0,0,0.0,0,0,41.0
175,2,Meñique — Palmar,8,6,0.000,0.000,0,0,0.0,0,0,41.0
176,2,Meñique — Palmar,8,7,0.000,0.000,0,0,0.0,0,0,41.0
177,2,Meñique — Palmar,9,0,0.000,0.000,0,0,0.0,0,0,41.0
178,2,Meñique — Palmar,9,1,0.000,0.000,0,0,0.0,0,0,41.0
179,2,Meñique — Palmar,9,2,0.000,0.000,0,0,0.0,0,0,41.0
180,2,Meñique — Palmar,9,3,0.000,0.000,0,0,0.0,0,0,41.0
181,2,Meñique — Palmar,9,4,0.000,0.000,0,0,0.0,0,0,41.0
182,2,Meñique — Palmar,9,5,0.000,0.000,0,0,0.0,0,0,41.0
183,2,Meñique — Palmar,9,6,0.000,0.000,0,0,0.0,0,0,41.0
184,2,Meñique — Palmar,9,7,0.000,0.000,0,0,0.0,0,0,41.0
185,3,Anular — Punta,0,0,0.000,0.000,0,0,0.0,0,0,41.0
186,3,Anular — Punta,0,1,0.000,0.000,0,0,0.0,0,0,41.0
187,3,Anular — Punta,0,2,0.000,0.000,0,0,0.0,0,0,41.0
188,3,Anular — Punta,1,0,0.000,0.000,0,0,0.0,0,0,41.0
189,3,Anular — Punta,1,1,0.000,0.000,0,0,0.0,0,0,41.0
190,3,Anular — Punta,1,2,0.000,0.000,0,0,0.0,0,0,41.0
191,3,Anular — Punta,2,0,0.000,0.000,0,0,0.0,1,0,41.0
192,3,Anular — Punta,2,1,0.000,0.000,0,0,0.0,1,0,41.0
193,3,Anular — Punta,2,2,0.000,0.000,0,0,0.0,1,0,41.0
194,4,Anular — Distal,0,0,0.000,0.000,0,0,0.0,0,0,41.0
195,4,Anular — Distal,0,1,0.000,0.000,0,0,0.0,0,0,41.0
196,4,Anular — Distal,0,2,0.000,0.000,0,0,0.0,0,0,41.0
197,4,Anular — Distal,0,3,0.000,0.000,0,0,0.0,0,0,41.0
198,4,Anular — Distal,0,4,0.000,0.000,0,0,0.0,0,0,41.0
199,4,Anular — Distal,0,5,0.000,0.000,0,0,0.0,0,0,41.0
200,4,Anular — Distal,0,6,0.000,0.000,0,0,0.0,0,0,41.0
201,4,Anular — Distal,0,7,30.989,0.981,29,34,3.0,0,1,41.0
202,4,Anular — Distal,1,0,0.000,0.000,0,0,0.0,0,0,41.0
203,4,Anular — Distal,1,1,0.000,0.000,0,0,0.0,0,0,41.0
204,4,Anular — Distal,1,2,0.000,0.000,0,0,0.0,0,0,41.0
205,4,Anular — Distal,1,3,0.000,0.000,0,0,0.0,0,0,41.0
206,4,Anular — Distal,1,4,0.000,0.000,0,0,0.0,0,0,41.0
207,4,Anular — Distal,1,5,0.000,0.000,0,0,0.0,0,0,41.0
208,4,Anular — Distal,1,6,0.000,0.000,0,0,0.0,0,0,41.0
209,4,Anular — Distal,1,7,0.000,0.000,0,0,0.0,0,0,41.0
210,4,Anular — Distal,2,0,0.000,0.000,0,0,0.0,0,0,41.0
211,4,Anular — Distal,2,1,0.000,0.000,0,0,0.0,0,0,41.0
212,4,Anular — Distal,2,2,0.000,0.000,0,0,0.0,0,0,41.0
213,4,Anular — Distal,2,3,0.000,0.000,0,0,0.0,0,0,41.0
214,4,Anular — Distal,2,4,0.000,0.000,0,0,0.0,0,0,41.0
215,4,Anular — Distal,2,5,0.000,0.000,0,0,0.0,0,0,41.0
216,4,Anular — Distal,2,6,0.000,0.000,0,0,0.0,0,0,41.0
217,4,Anular — Distal,2,7,0.793,1.431,0,5,4.2,0,1,41.0
218,4,Anular — Distal,3,0,0.000,0.000,0,0,0.0,0,0,41.0
219,4,Anular — Distal,3,1,0.000,0.000,0,0,0.0,0,0,41.0
220,4,Anular — Distal,3,2,0.000,0.000,0,0,0.0,0,0,41.0
221,4,Anular — Distal,3,3,0.000,0.000,0,0,0.0,0,0,41.0
222,4,Anular — Distal,3,4,0.000,0.000,0,0,0.0,0,0,41.0
223,4,Anular — Distal,3,5,0.000,0.000,0,0,0.0,0,0,41.0
224,4,Anular — Distal,3,6,0.000,0.000,0,0,0.0,0,0,41.0
225,4,Anular — Distal,3,7,4.039,1.183,0,8,4.0,0,1,41.0
226,4,Anular — Distal,4,0,0.000,0.000,0,0,0.0,0,0,41.0
227,4,Anular — Distal,4,1,0.000,0.000,0,0,0.0,0,0,41.0
228,4,Anular — Distal,4,2,0.000,0.000,0,0,0.0,0,0,41.0
229,4,Anular — Distal,4,3,0.000,0.000,0,0,0.0,0,0,41.0
230,4,Anular — Distal,4,4,0.000,0.000,0,0,0.0,0,0,41.0
231,4,Anular — Distal,4,5,0.000,0.000,0,0,0.0,0,0,41.0
232,4,Anular — Distal,4,6,0.000,0.000,0,0,0.0,0,0,41.0
233,4,Anular — Distal,4,7,0.000,0.000,0,0,0.0,0,0,41.0
234,4,Anular — Distal,5,0,8.951,0.908,5,11,4.0,0,1,41.0
235,4,Anular — Distal,5,1,0.000,0.000,0,0,0.0,0,0,41.0
236,4,Anular — Distal,5,2,0.000,0.000,0,0,0.0,0,0,41.0
237,4,Anular — Distal,5,3,0.000,0.000,0,0,0.0,0,0,41.0
238,4,Anular — Distal,5,4,0.000,0.000,0,0,0.0,0,0,41.0
239,4,Anular — Distal,5,5,0.000,0.000,0,0,0.0,0,0,41.0
240,4,Anular — Distal,5,6,0.000,0.000,0,0,0.0,0,0,41.0
241,4,Anular — Distal,5,7,0.000,0.000,0,0,0.0,0,0,41.0
242,4,Anular — Distal,6,0,35.331,0.963,32,38,3.3,0,1,41.0
243,4,Anular — Distal,6,1,0.000,0.000,0,0,0.0,0,0,41.0
244,4,Anular — Distal,6,2,0.000,0.000,0,0,0.0,0,0,41.0
245,4,Anular — Distal,6,3,0.000,0.000,0,0,0.0,0,0,41.0
246,4,Anular — Distal,6,4,0.000,0.000,0,0,0.0,0,0,41.0
247,4,Anular — Distal,6,5,0.000,0.000,0,0,0.0,0,0,41.0
248,4,Anular — Distal,6,6,0.000,0.000,0,0,0.0,0,0,41.0
249,4,Anular — Distal,6,7,62.143,1.251,59,66,3.9,0,1,41.0
250,4,Anular — Distal,7,0,0.000,0.000,0,0,0.0,0,0,41.0
251,4,Anular — Distal,7,1,0.000,0.000,0,0,0.0,0,0,41.0
252,4,Anular — Distal,7,2,0.000,0.000,0,0,0.0,0,0,41.0
253,4,Anular — Distal,7,3,0.000,0.000,0,0,0.0,0,0,41.0
254,4,Anular — Distal,7,4,0.000,0.000,0,0,0.0,0,0,41.0
255,4,Anular — Distal,7,5,0.000,0.000,0,0,0.0,0,0,41.0
256,4,Anular — Distal,7,6,0.000,0.000,0,0,0.0,0,0,41.0
257,4,Anular — Distal,7,7,0.000,0.000,0,0,0.0,0,0,41.0
258,4,Anular — Distal,8,0,15.906,1.160,13,19,3.1,1,0,41.0
259,4,Anular — Distal,8,1,0.000,0.000,0,0,0.0,0,0,41.0
260,4,Anular — Distal,8,2,0.000,0.000,0,0,0.0,0,0,41.0
261,4,Anular — Distal,8,3,0.000,0.000,0,0,0.0,0,0,41.0
262,4,Anular — Distal,8,4,0.000,0.000,0,0,0.0,0,0,41.0
263,4,Anular — Distal,8,5,0.000,0.000,0,0,0.0,0,0,41.0
264,4,Anular — Distal,8,6,0.000,0.000,0,0,0.0,0,0,41.0
265,4,Anular — Distal,8,7,11.055,1.117,7,14,4.1,0,1,41.0
266,4,Anular — Distal,9,0,0.000,0.000,0,0,0.0,0,0,41.0
267,4,Anular — Distal,9,1,0.000,0.000,0,0,0.0,0,0,41.0
268,4,Anular — Distal,9,2,0.000,0.000,0,0,0.0,0,0,41.0
269,4,Anular — Distal,9,3,0.000,0.000,0,0,0.0,0,0,41.0
270,4,Anular — Distal,9,4,0.000,0.000,0,0,0.0,0,0,41.0
271,4,Anular — Distal,9,5,0.000,0.000,0,0,0.0,0,0,41.0
272,4,Anular — Distal,9,6,8.716,0.856,7,11,2.3,0,1,41.0
273,4,Anular — Distal,9,7,15.989,0.882,14,19,3.0,0,1,41.0
274,4,Anular — Distal,10,0,0.000,0.000,0,0,0.0,0,0,41.0
275,4,Anular — Distal,10,1,0.000,0.000,0,0,0.0,0,0,41.0
276,4,Anular — Distal,10,2,0.000,0.000,0,0,0.0,0,0,41.0
277,4,Anular — Distal,10,3,0.000,0.000,0,0,0.0,0,0,41.0
278,4,Anular — Distal,10,4,0.000,0.000,0,0,0.0,0,0,41.0
279,4,Anular — Distal,10,5,0.000,0.000,0,0,0.0,0,0,41.0
280,4,Anular — Distal,10,6,6.671,3.545,0,12,6.7,0,1,41.0
281,4,Anular — Distal,10,7,0.000,0.000,0,0,0.0,0,0,41.0
282,4,Anular — Distal,11,0,0.000,0.000,0,0,0.0,1,0,41.0
283,4,Anular — Distal,11,1,0.000,0.000,0,0,0.0,0,0,41.0
284,4,Anular — Distal,11,2,0.000,0.000,0,0,0.0,0,0,41.0
285,4,Anular — Distal,11,3,0.000,0.000,0,0,0.0,1,0,41.0
286,4,Anular — Distal,11,4,0.000,0.000,0,0,0.0,0,0,41.0
287,4,Anular — Distal,11,5,0.000,0.000,0,0,0.0,0,0,41.0
288,4,Anular — Distal,11,6,0.000,0.000,0,0,0.0,1,0,41.0
289,4,Anular — Distal,11,7,0.000,0.000,0,0,0.0,0,0,41.0
290,5,Anular — Palmar,0,0,0.000,0.000,0,0,0.0,0,0,41.0
291,5,Anular — Palmar,0,1,0.000,0.000,0,0,0.0,0,0,41.0
292,5,Anular — Palmar,0,2,0.000,0.000,0,0,0.0,0,0,41.0
293,5,Anular — Palmar,0,3,0.000,0.000,0,0,0.0,0,0,41.0
294,5,Anular — Palmar,0,4,0.000,0.000,0,0,0.0,0,0,41.0
295,5,Anular — Palmar,0,5,0.000,0.000,0,0,0.0,0,0,41.0
296,5,Anular — Palmar,0,6,0.000,0.000,0,0,0.0,0,0,41.0
297,5,Anular — Palmar,0,7,0.000,0.000,0,0,0.0,0,0,41.0
298,5,Anular — Palmar,1,0,4.132,7.067,0,28,23.9,0,1,41.0
299,5,Anular — Palmar,1,1,0.000,0.000,0,0,0.0,0,0,41.0
300,5,Anular — Palmar,1,2,0.000,0.000,0,0,0.0,0,0,41.0
301,5,Anular — Palmar,1,3,0.000,0.000,0,0,0.0,0,0,41.0
302,5,Anular — Palmar,1,4,0.000,0.000,0,0,0.0,0,0,41.0
303,5,Anular — Palmar,1,5,0.000,0.000,0,0,0.0,0,0,41.0
304,5,Anular — Palmar,1,6,0.000,0.000,0,0,0.0,0,0,41.0
305,5,Anular — Palmar,1,7,0.000,0.000,0,0,0.0,0,0,41.0
306,5,Anular — Palmar,2,0,0.000,0.000,0,0,0.0,0,0,41.0
307,5,Anular — Palmar,2,1,0.000,0.000,0,0,0.0,0,0,41.0
308,5,Anular — Palmar,2,2,0.000,0.000,0,0,0.0,0,0,41.0
309,5,Anular — Palmar,2,3,0.000,0.000,0,0,0.0,0,0,41.0
310,5,Anular — Palmar,2,4,0.000,0.000,0,0,0.0,0,0,41.0
311,5,Anular — Palmar,2,5,0.000,0.000,0,0,0.0,0,0,41.0
312,5,Anular — Palmar,2,6,0.000,0.000,0,0,0.0,0,0,41.0
313,5,Anular — Palmar,2,7,0.000,0.000,0,0,0.0,0,0,41.0
314,5,Anular — Palmar,3,0,0.000,0.000,0,0,0.0,0,0,41.0
315,5,Anular — Palmar,3,1,0.000,0.000,0,0,0.0,0,0,41.0
316,5,Anular — Palmar,3,2,0.000,0.000,0,0,0.0,0,0,41.0
317,5,Anular — Palmar,3,3,0.000,0.000,0,0,0.0,0,0,41.0
318,5,Anular — Palmar,3,4,0.000,0.000,0,0,0.0,0,0,41.0
319,5,Anular — Palmar,3,5,0.000,0.000,0,0,0.0,0,0,41.0
320,5,Anular — Palmar,3,6,0.000,0.000,0,0,0.0,0,0,41.0
321,5,Anular — Palmar,3,7,0.000,0.000,0,0,0.0,0,0,41.0
322,5,Anular — Palmar,4,0,0.000,0.000,0,0,0.0,0,0,41.0
323,5,Anular — Palmar,4,1,2.976,5.086,0,19,16.0,0,1,41.0
324,5,Anular — Palmar,4,2,0.000,0.000,0,0,0.0,0,0,41.0
325,5,Anular — Palmar,4,3,0.000,0.000,0,0,0.0,0,0,41.0
326,5,Anular — Palmar,4,4,0.000,0.000,0,0,0.0,0,0,41.0
327,5,Anular — Palmar,4,5,0.000,0.000,0,0,0.0,0,0,41.0
328,5,Anular — Palmar,4,6,0.000,0.000,0,0,0.0,0,0,41.0
329,5,Anular — Palmar,4,7,0.000,0.000,0,0,0.0,0,0,41.0
330,5,Anular — Palmar,5,0,0.000,0.000,0,0,0.0,0,0,41.0
331,5,Anular — Palmar,5,1,0.000,0.000,0,0,0.0,0,0,41.0
332,5,Anular — Palmar,5,2,0.000,0.000,0,0,0.0,0,0,41.0
333,5,Anular — Palmar,5,3,0.000,0.000,0,0,0.0,0,0,41.0
334,5,Anular — Palmar,5,4,0.000,0.000,0,0,0.0,0,0,41.0
335,5,Anular — Palmar,5,5,0.000,0.000,0,0,0.0,0,0,41.0
336,5,Anular — Palmar,5,6,0.000,0.000,0,0,0.0,0,0,41.0
337,5,Anular — Palmar,5,7,21.032,7.585,10,35,14.0,0,1,41.0
338,5,Anular — Palmar,6,0,0.000,0.000,0,0,0.0,0,0,41.0
339,5,Anular — Palmar,6,1,0.724,0.635,0,2,1.3,0,1,41.0
340,5,Anular — Palmar,6,2,0.000,0.000,0,0,0.0,0,0,41.0
341,5,Anular — Palmar,6,3,0.000,0.000,0,0,0.0,0,0,41.0
342,5,Anular — Palmar,6,4,0.000,0.000,0,0,0.0,0,0,41.0
343,5,Anular — Palmar,6,5,0.000,0.000,0,0,0.0,0,0,41.0
344,5,Anular — Palmar,6,6,0.000,0.000,0,0,0.0,0,0,41.0
345,5,Anular — Palmar,6,7,29.051,4.967,19,38,10.1,0,1,41.0
346,5,Anular — Palmar,7,0,0.000,0.000,0,0,0.0,0,0,41.0
347,5,Anular — Palmar,7,1,0.000,0.000,0,0,0.0,0,0,41.0
348,5,Anular — Palmar,7,2,0.000,0.000,0,0,0.0,0,0,41.0
349,5,Anular — Palmar,7,3,0.000,0.000,0,0,0.0,0,0,41.0
350,5,Anular — Palmar,7,4,0.000,0.000,0,0,0.0,0,0,41.0
351,5,Anular — Palmar,7,5,0.000,0.000,0,0,0.0,0,0,41.0
352,5,Anular — Palmar,7,6,0.000,0.000,0,0,0.0,0,0,41.0
353,5,Anular — Palmar,7,7,0.000,0.000,0,0,0.0,0,0,41.0
354,5,Anular — Palmar,8,0,0.000,0.000,0,0,0.0,0,0,41.0
355,5,Anular — Palmar,8,1,0.000,0.000,0,0,0.0,0,0,41.0
356,5,Anular — Palmar,8,2,0.000,0.000,0,0,0.0,0,0,41.0
357,5,Anular — Palmar,8,3,0.000,0.000,0,0,0.0,0,0,41.0
358,5,Anular — Palmar,8,4,0.000,0.000,0,0,0.0,0,0,41.0
359,5,Anular — Palmar,8,5,0.000,0.000,0,0,0.0,0,0,41.0
360,5,Anular — Palmar,8,6,0.000,0.000,0,0,0.0,0,0,41.0
361,5,Anular — Palmar,8,7,0.103,0.350,0,2,1.9,0,1,41.0
362,5,Anular — Palmar,9,0,0.000,0.000,0,0,0.0,0,0,41.0
363,5,Anular — Palmar,9,1,0.000,0.000,0,0,0.0,0,0,41.0
364,5,Anular — Palmar,9,2,0.000,0.000,0,0,0.0,0,0,41.0
365,5,Anular — Palmar,9,3,0.000,0.000,0,0,0.0,0,0,41.0
366,5,Anular — Palmar,9,4,0.000,0.000,0,0,0.0,0,0,41.0
367,5,Anular — Palmar,9,5,0.000,0.000,0,0,0.0,0,0,41.0
368,5,Anular — Palmar,9,6,0.000,0.000,0,0,0.0,0,0,41.0
369,5,Anular — Palmar,9,7,0.000,0.000,0,0,0.0,0,0,41.0
370,6,Medio — Punta,0,0,0.000,0.000,0,0,0.0,1,0,41.0
371,6,Medio — Punta,0,1,0.000,0.000,0,0,0.0,1,0,41.0
372,6,Medio — Punta,0,2,0.000,0.000,0,0,0.0,1,0,41.0
373,6,Medio — Punta,1,0,0.000,0.000,0,0,0.0,1,0,41.0
374,6,Medio — Punta,1,1,0.000,0.000,0,0,0.0,1,0,41.0
375,6,Medio — Punta,1,2,0.000,0.000,0,0,0.0,1,0,41.0
376,6,Medio — Punta,2,0,0.000,0.000,0,0,0.0,1,0,41.0
377,6,Medio — Punta,2,1,0.000,0.000,0,0,0.0,1,0,41.0
378,6,Medio — Punta,2,2,0.000,0.000,0,0,0.0,1,0,41.0
379,7,Medio — Distal,0,0,0.000,0.000,0,0,0.0,0,0,41.0
380,7,Medio — Distal,0,1,0.000,0.000,0,0,0.0,1,0,41.0
381,7,Medio — Distal,0,2,0.000,0.000,0,0,0.0,1,0,41.0
382,7,Medio — Distal,0,3,0.000,0.000,0,0,0.0,1,0,41.0
383,7,Medio — Distal,0,4,0.000,0.000,0,0,0.0,0,0,41.0
384,7,Medio — Distal,0,5,0.000,0.000,0,0,0.0,1,0,41.0
385,7,Medio — Distal,0,6,0.000,0.000,0,0,0.0,1,0,41.0
386,7,Medio — Distal,0,7,0.000,0.000,0,0,0.0,1,0,41.0
387,7,Medio — Distal,1,0,0.000,0.000,0,0,0.0,0,0,41.0
388,7,Medio — Distal,1,1,0.000,0.000,0,0,0.0,0,0,41.0
389,7,Medio — Distal,1,2,0.000,0.000,0,0,0.0,0,0,41.0
390,7,Medio — Distal,1,3,0.000,0.000,0,0,0.0,0,0,41.0
391,7,Medio — Distal,1,4,0.000,0.000,0,0,0.0,0,0,41.0
392,7,Medio — Distal,1,5,0.000,0.000,0,0,0.0,0,0,41.0
393,7,Medio — Distal,1,6,0.000,0.000,0,0,0.0,0,0,41.0
394,7,Medio — Distal,1,7,0.000,0.000,0,0,0.0,0,0,41.0
395,7,Medio — Distal,2,0,0.000,0.000,0,0,0.0,0,0,41.0
396,7,Medio — Distal,2,1,0.000,0.000,0,0,0.0,0,0,41.0
397,7,Medio — Distal,2,2,0.000,0.000,0,0,0.0,0,0,41.0
398,7,Medio — Distal,2,3,0.000,0.000,0,0,0.0,0,0,41.0
399,7,Medio — Distal,2,4,0.000,0.000,0,0,0.0,0,0,41.0
400,7,Medio — Distal,2,5,0.000,0.000,0,0,0.0,0,0,41.0
401,7,Medio — Distal,2,6,0.000,0.000,0,0,0.0,0,0,41.0
402,7,Medio — Distal,2,7,0.000,0.000,0,0,0.0,0,0,41.0
403,7,Medio — Distal,3,0,0.000,0.000,0,0,0.0,1,0,41.0
404,7,Medio — Distal,3,1,0.000,0.000,0,0,0.0,1,0,41.0
405,7,Medio — Distal,3,2,0.000,0.000,0,0,0.0,1,0,41.0
406,7,Medio — Distal,3,3,0.000,0.000,0,0,0.0,1,0,41.0
407,7,Medio — Distal,3,4,0.000,0.000,0,0,0.0,0,0,41.0
408,7,Medio — Distal,3,5,0.000,0.000,0,0,0.0,1,0,41.0
409,7,Medio — Distal,3,6,0.000,0.000,0,0,0.0,1,0,41.0
410,7,Medio — Distal,3,7,0.000,0.000,0,0,0.0,1,0,41.0
411,7,Medio — Distal,4,0,0.000,0.000,0,0,0.0,0,0,41.0
412,7,Medio — Distal,4,1,0.000,0.000,0,0,0.0,0,0,41.0
413,7,Medio — Distal,4,2,0.000,0.000,0,0,0.0,0,0,41.0
414,7,Medio — Distal,4,3,0.000,0.000,0,0,0.0,0,0,41.0
415,7,Medio — Distal,4,4,0.000,0.000,0,0,0.0,0,0,41.0
416,7,Medio — Distal,4,5,0.000,0.000,0,0,0.0,0,0,41.0
417,7,Medio — Distal,4,6,0.000,0.000,0,0,0.0,0,0,41.0
418,7,Medio — Distal,4,7,0.000,0.000,0,0,0.0,0,0,41.0
419,7,Medio — Distal,5,0,0.000,0.000,0,0,0.0,0,0,41.0
420,7,Medio — Distal,5,1,0.000,0.000,0,0,0.0,1,0,41.0
421,7,Medio — Distal,5,2,0.000,0.000,0,0,0.0,1,0,41.0
422,7,Medio — Distal,5,3,0.000,0.000,0,0,0.0,0,0,41.0
423,7,Medio — Distal,5,4,0.000,0.000,0,0,0.0,0,0,41.0
424,7,Medio — Distal,5,5,0.000,0.000,0,0,0.0,1,0,41.0
425,7,Medio — Distal,5,6,0.000,0.000,0,0,0.0,0,0,41.0
426,7,Medio — Distal,5,7,0.000,0.000,0,0,0.0,0,0,41.0
427,7,Medio — Distal,6,0,0.000,0.000,0,0,0.0,0,0,41.0
428,7,Medio — Distal,6,1,0.000,0.000,0,0,0.0,0,0,41.0
429,7,Medio — Distal,6,2,0.000,0.000,0,0,0.0,0,0,41.0
430,7,Medio — Distal,6,3,0.000,0.000,0,0,0.0,0,0,41.0
431,7,Medio — Distal,6,4,0.000,0.000,0,0,0.0,0,0,41.0
432,7,Medio — Distal,6,5,0.000,0.000,0,0,0.0,0,0,41.0
433,7,Medio — Distal,6,6,0.000,0.000,0,0,0.0,0,0,41.0
434,7,Medio — Distal,6,7,0.000,0.000,0,0,0.0,0,0,41.0
435,7,Medio — Distal,7,0,0.000,0.000,0,0,0.0,0,0,41.0
436,7,Medio — Distal,7,1,0.000,0.000,0,0,0.0,0,0,41.0
437,7,Medio — Distal,7,2,0.000,0.000,0,0,0.0,0,0,41.0
438,7,Medio — Distal,7,3,0.000,0.000,0,0,0.0,0,0,41.0
439,7,Medio — Distal,7,4,0.000,0.000,0,0,0.0,0,0,41.0
440,7,Medio — Distal,7,5,0.000,0.000,0,0,0.0,0,0,41.0
441,7,Medio — Distal,7,6,0.000,0.000,0,0,0.0,0,0,41.0
442,7,Medio — Distal,7,7,0.000,0.000,0,0,0.0,0,0,41.0
443,7,Medio — Distal,8,0,0.000,0.000,0,0,0.0,0,0,41.0
444,7,Medio — Distal,8,1,0.000,0.000,0,0,0.0,0,0,41.0
445,7,Medio — Distal,8,2,0.000,0.000,0,0,0.0,0,0,41.0
446,7,Medio — Distal,8,3,0.000,0.000,0,0,0.0,0,0,41.0
447,7,Medio — Distal,8,4,0.000,0.000,0,0,0.0,0,0,41.0
448,7,Medio — Distal,8,5,0.000,0.000,0,0,0.0,0,0,41.0
449,7,Medio — Distal,8,6,0.000,0.000,0,0,0.0,0,0,41.0
450,7,Medio — Distal,8,7,0.000,0.000,0,0,0.0,0,0,41.0
451,7,Medio — Distal,9,0,0.000,0.000,0,0,0.0,0,0,41.0
452,7,Medio — Distal,9,1,0.000,0.000,0,0,0.0,0,0,41.0
453,7,Medio — Distal,9,2,0.000,0.000,0,0,0.0,0,0,41.0
454,7,Medio — Distal,9,3,0.000,0.000,0,0,0.0,0,0,41.0
455,7,Medio — Distal,9,4,0.000,0.000,0,0,0.0,0,0,41.0
456,7,Medio — Distal,9,5,0.000,0.000,0,0,0.0,0,0,41.0
457,7,Medio — Distal,9,6,0.000,0.000,0,0,0.0,0,0,41.0
458,7,Medio — Distal,9,7,0.000,0.000,0,0,0.0,0,0,41.0
459,7,Medio — Distal,10,0,0.000,0.000,0,0,0.0,0,0,41.0
460,7,Medio — Distal,10,1,0.000,0.000,0,0,0.0,0,0,41.0
461,7,Medio — Distal,10,2,0.000,0.000,0,0,0.0,0,0,41.0
462,7,Medio — Distal,10,3,0.000,0.000,0,0,0.0,0,0,41.0
463,7,Medio — Distal,10,4,0.000,0.000,0,0,0.0,0,0,41.0
464,7,Medio — Distal,10,5,0.000,0.000,0,0,0.0,0,0,41.0
465,7,Medio — Distal,10,6,0.000,0.000,0,0,0.0,0,0,41.0
466,7,Medio — Distal,10,7,0.000,0.000,0,0,0.0,0,0,41.0
467,7,Medio — Distal,11,0,0.000,0.000,0,0,0.0,0,0,41.0
468,7,Medio — Distal,11,1,0.000,0.000,0,0,0.0,0,0,41.0
469,7,Medio — Distal,11,2,0.000,0.000,0,0,0.0,0,0,41.0
470,7,Medio — Distal,11,3,0.000,0.000,0,0,0.0,0,0,41.0
471,7,Medio — Distal,11,4,0.000,0.000,0,0,0.0,0,0,41.0
472,7,Medio — Distal,11,5,0.000,0.000,0,0,0.0,0,0,41.0
473,7,Medio — Distal,11,6,0.000,0.000,0,0,0.0,0,0,41.0
474,7,Medio — Distal,11,7,0.000,0.000,0,0,0.0,1,0,41.0
475,8,Medio — Palmar,0,0,0.000,0.000,0,0,0.0,0,0,41.0
476,8,Medio — Palmar,0,1,0.000,0.000,0,0,0.0,0,0,41.0
477,8,Medio — Palmar,0,2,0.000,0.000,0,0,0.0,1,0,41.0
478,8,Medio — Palmar,0,3,0.000,0.000,0,0,0.0,0,0,41.0
479,8,Medio — Palmar,0,4,0.000,0.000,0,0,0.0,0,0,41.0
480,8,Medio — Palmar,0,5,0.000,0.000,0,0,0.0,1,0,41.0
481,8,Medio — Palmar,0,6,0.000,0.000,0,0,0.0,0,0,41.0
482,8,Medio — Palmar,0,7,0.000,0.000,0,0,0.0,0,0,41.0
483,8,Medio — Palmar,1,0,0.000,0.000,0,0,0.0,0,0,41.0
484,8,Medio — Palmar,1,1,0.000,0.000,0,0,0.0,0,0,41.0
485,8,Medio — Palmar,1,2,0.000,0.000,0,0,0.0,1,0,41.0
486,8,Medio — Palmar,1,3,0.000,0.000,0,0,0.0,0,0,41.0
487,8,Medio — Palmar,1,4,0.000,0.000,0,0,0.0,0,0,41.0
488,8,Medio — Palmar,1,5,0.000,0.000,0,0,0.0,0,0,41.0
489,8,Medio — Palmar,1,6,0.000,0.000,0,0,0.0,0,0,41.0
490,8,Medio — Palmar,1,7,0.000,0.000,0,0,0.0,0,0,41.0
491,8,Medio — Palmar,2,0,25.825,9.536,3,39,22.8,0,1,47.7
492,8,Medio — Palmar,2,1,0.000,0.000,0,0,0.0,0,0,41.0
493,8,Medio — Palmar,2,2,0.000,0.000,0,0,0.0,0,0,41.0
494,8,Medio — Palmar,2,3,0.000,0.000,0,0,0.0,0,0,41.0
495,8,Medio — Palmar,2,4,0.000,0.000,0,0,0.0,0,0,41.0
496,8,Medio — Palmar,2,5,0.000,0.000,0,0,0.0,0,0,41.0
497,8,Medio — Palmar,2,6,0.000,0.000,0,0,0.0,0,0,41.0
498,8,Medio — Palmar,2,7,2.852,1.855,0,7,4.1,0,1,41.0
499,8,Medio — Palmar,3,0,0.000,0.000,0,0,0.0,0,0,41.0
500,8,Medio — Palmar,3,1,0.000,0.000,0,0,0.0,0,0,41.0
501,8,Medio — Palmar,3,2,0.000,0.000,0,0,0.0,0,0,41.0
502,8,Medio — Palmar,3,3,0.000,0.000,0,0,0.0,0,0,41.0
503,8,Medio — Palmar,3,4,0.000,0.000,0,0,0.0,0,0,41.0
504,8,Medio — Palmar,3,5,0.000,0.000,0,0,0.0,0,0,41.0
505,8,Medio — Palmar,3,6,0.000,0.000,0,0,0.0,0,0,41.0
506,8,Medio — Palmar,3,7,0.000,0.000,0,0,0.0,0,0,41.0
507,8,Medio — Palmar,4,0,0.000,0.000,0,0,0.0,0,0,41.0
508,8,Medio — Palmar,4,1,0.000,0.000,0,0,0.0,0,0,41.0
509,8,Medio — Palmar,4,2,0.000,0.000,0,0,0.0,0,0,41.0
510,8,Medio — Palmar,4,3,0.000,0.000,0,0,0.0,0,0,41.0
511,8,Medio — Palmar,4,4,0.000,0.000,0,0,0.0,0,0,41.0
512,8,Medio — Palmar,4,5,0.000,0.000,0,0,0.0,0,0,41.0
513,8,Medio — Palmar,4,6,0.000,0.000,0,0,0.0,0,0,41.0
514,8,Medio — Palmar,4,7,0.000,0.000,0,0,0.0,0,0,41.0
515,8,Medio — Palmar,5,0,0.002,0.043,0,1,1.0,0,1,41.0
516,8,Medio — Palmar,5,1,0.000,0.000,0,0,0.0,0,0,41.0
517,8,Medio — Palmar,5,2,0.000,0.000,0,0,0.0,0,0,41.0
518,8,Medio — Palmar,5,3,0.000,0.000,0,0,0.0,0,0,41.0
519,8,Medio — Palmar,5,4,0.000,0.000,0,0,0.0,0,0,41.0
520,8,Medio — Palmar,5,5,3.455,1.423,0,7,3.5,0,1,41.0
521,8,Medio — Palmar,5,6,0.000,0.000,0,0,0.0,0,0,41.0
522,8,Medio — Palmar,5,7,0.000,0.000,0,0,0.0,0,0,41.0
523,8,Medio — Palmar,6,0,22.126,4.793,7,27,15.1,0,1,41.0
524,8,Medio — Palmar,6,1,0.000,0.000,0,0,0.0,0,0,41.0
525,8,Medio — Palmar,6,2,0.000,0.000,0,0,0.0,0,0,41.0
526,8,Medio — Palmar,6,3,0.000,0.000,0,0,0.0,0,0,41.0
527,8,Medio — Palmar,6,4,0.000,0.000,0,0,0.0,0,0,41.0
528,8,Medio — Palmar,6,5,0.000,0.000,0,0,0.0,0,0,41.0
529,8,Medio — Palmar,6,6,0.000,0.000,0,0,0.0,0,0,41.0
530,8,Medio — Palmar,6,7,0.000,0.000,0,0,0.0,0,0,41.0
531,8,Medio — Palmar,7,0,0.788,1.045,0,7,6.2,0,1,41.0
532,8,Medio — Palmar,7,1,0.000,0.000,0,0,0.0,0,0,41.0
533,8,Medio — Palmar,7,2,0.000,0.000,0,0,0.0,0,0,41.0
534,8,Medio — Palmar,7,3,0.000,0.000,0,0,0.0,0,0,41.0
535,8,Medio — Palmar,7,4,0.000,0.000,0,0,0.0,0,0,41.0
536,8,Medio — Palmar,7,5,0.000,0.000,0,0,0.0,0,0,41.0
537,8,Medio — Palmar,7,6,0.000,0.000,0,0,0.0,0,0,41.0
538,8,Medio — Palmar,7,7,0.000,0.000,0,0,0.0,0,0,41.0
539,8,Medio — Palmar,8,0,21.987,1.065,19,25,3.0,0,1,41.0
540,8,Medio — Palmar,8,1,0.000,0.000,0,0,0.0,0,0,41.0
541,8,Medio — Palmar,8,2,0.000,0.000,0,0,0.0,0,0,41.0
542,8,Medio — Palmar,8,3,0.000,0.000,0,0,0.0,0,0,41.0
543,8,Medio — Palmar,8,4,0.000,0.000,0,0,0.0,0,0,41.0
544,8,Medio — Palmar,8,5,0.000,0.000,0,0,0.0,0,0,41.0
545,8,Medio — Palmar,8,6,0.000,0.000,0,0,0.0,0,0,41.0
546,8,Medio — Palmar,8,7,0.000,0.000,0,0,0.0,0,0,41.0
547,8,Medio — Palmar,9,0,0.000,0.000,0,0,0.0,0,0,41.0
548,8,Medio — Palmar,9,1,0.000,0.000,0,0,0.0,0,0,41.0
549,8,Medio — Palmar,9,2,0.000,0.000,0,0,0.0,0,0,41.0
550,8,Medio — Palmar,9,3,0.000,0.000,0,0,0.0,0,0,41.0
551,8,Medio — Palmar,9,4,0.000,0.000,0,0,0.0,0,0,41.0
552,8,Medio — Palmar,9,5,0.000,0.000,0,0,0.0,0,0,41.0
553,8,Medio — Palmar,9,6,0.000,0.000,0,0,0.0,0,0,41.0
554,8,Medio — Palmar,9,7,0.000,0.000,0,0,0.0,0,0,41.0
555,9,Índice — Punta,0,0,0.000,0.000,0,0,0.0,0,0,41.0
556,9,Índice — Punta,0,1,0.000,0.000,0,0,0.0,0,0,41.0
557,9,Índice — Punta,0,2,0.000,0.000,0,0,0.0,0,0,41.0
558,9,Índice — Punta,1,0,0.000,0.000,0,0,0.0,0,0,41.0
559,9,Índice — Punta,1,1,0.000,0.000,0,0,0.0,0,0,41.0
560,9,Índice — Punta,1,2,0.000,0.000,0,0,0.0,0,0,41.0
561,9,Índice — Punta,2,0,0.000,0.000,0,0,0.0,0,0,41.0
562,9,Índice — Punta,2,1,3.485,3.395,0,12,8.5,0,1,41.0
563,9,Índice — Punta,2,2,0.000,0.000,0,0,0.0,0,0,41.0
564,10,Índice — Distal,0,0,38.058,1.096,32,42,6.1,0,1,41.0
565,10,Índice — Distal,0,1,0.000,0.000,0,0,0.0,1,0,41.0
566,10,Índice — Distal,0,2,0.000,0.000,0,0,0.0,1,0,41.0
567,10,Índice — Distal,0,3,0.000,0.000,0,0,0.0,0,0,41.0
568,10,Índice — Distal,0,4,0.000,0.000,0,0,0.0,1,0,41.0
569,10,Índice — Distal,0,5,0.000,0.000,0,0,0.0,1,0,41.0
570,10,Índice — Distal,0,6,0.000,0.000,0,0,0.0,1,0,41.0
571,10,Índice — Distal,0,7,0.000,0.000,0,0,0.0,1,0,41.0
572,10,Índice — Distal,1,0,48.763,0.891,47,51,2.2,0,1,41.0
573,10,Índice — Distal,1,1,0.000,0.000,0,0,0.0,0,0,41.0
574,10,Índice — Distal,1,2,0.000,0.000,0,0,0.0,0,0,41.0
575,10,Índice — Distal,1,3,0.000,0.000,0,0,0.0,0,0,41.0
576,10,Índice — Distal,1,4,0.000,0.000,0,0,0.0,0,0,41.0
577,10,Índice — Distal,1,5,0.000,0.000,0,0,0.0,0,0,41.0
578,10,Índice — Distal,1,6,0.000,0.000,0,0,0.0,1,0,41.0
579,10,Índice — Distal,1,7,6.156,0.520,5,8,1.8,0,1,41.0
580,10,Índice — Distal,2,0,0.000,0.000,0,0,0.0,1,0,41.0
581,10,Índice — Distal,2,1,0.000,0.000,0,0,0.0,0,0,41.0
582,10,Índice — Distal,2,2,0.000,0.000,0,0,0.0,0,0,41.0
583,10,Índice — Distal,2,3,0.000,0.000,0,0,0.0,0,0,41.0
584,10,Índice — Distal,2,4,0.000,0.000,0,0,0.0,0,0,41.0
585,10,Índice — Distal,2,5,0.000,0.000,0,0,0.0,0,0,41.0
586,10,Índice — Distal,2,6,0.000,0.000,0,0,0.0,1,0,41.0
587,10,Índice — Distal,2,7,0.000,0.000,0,0,0.0,0,0,41.0
588,10,Índice — Distal,3,0,0.000,0.000,0,0,0.0,0,0,41.0
589,10,Índice — Distal,3,1,0.000,0.000,0,0,0.0,0,0,41.0
590,10,Índice — Distal,3,2,0.000,0.000,0,0,0.0,0,0,41.0
591,10,Índice — Distal,3,3,0.000,0.000,0,0,0.0,0,0,41.0
592,10,Índice — Distal,3,4,0.000,0.000,0,0,0.0,0,0,41.0
593,10,Índice — Distal,3,5,0.000,0.000,0,0,0.0,0,0,41.0
594,10,Índice — Distal,3,6,0.000,0.000,0,0,0.0,0,0,41.0
595,10,Índice — Distal,3,7,2.549,0.660,1,4,1.5,0,1,41.0
596,10,Índice — Distal,4,0,17.451,0.688,16,22,4.5,0,1,41.0
597,10,Índice — Distal,4,1,0.000,0.000,0,0,0.0,0,0,41.0
598,10,Índice — Distal,4,2,0.000,0.000,0,0,0.0,0,0,41.0
599,10,Índice — Distal,4,3,0.000,0.000,0,0,0.0,0,0,41.0
600,10,Índice — Distal,4,4,0.000,0.000,0,0,0.0,0,0,41.0
601,10,Índice — Distal,4,5,0.000,0.000,0,0,0.0,0,0,41.0
602,10,Índice — Distal,4,6,0.000,0.000,0,0,0.0,0,0,41.0
603,10,Índice — Distal,4,7,0.000,0.000,0,0,0.0,0,0,41.0
604,10,Índice — Distal,5,0,42.451,0.741,40,46,3.5,0,1,41.0
605,10,Índice — Distal,5,1,0.000,0.000,0,0,0.0,0,0,41.0
606,10,Índice — Distal,5,2,0.000,0.000,0,0,0.0,0,0,41.0
607,10,Índice — Distal,5,3,0.000,0.000,0,0,0.0,0,0,41.0
608,10,Índice — Distal,5,4,0.000,0.000,0,0,0.0,0,0,41.0
609,10,Índice — Distal,5,5,0.000,0.000,0,0,0.0,0,0,41.0
610,10,Índice — Distal,5,6,0.000,0.000,0,0,0.0,0,0,41.0
611,10,Índice — Distal,5,7,0.000,0.000,0,0,0.0,0,0,41.0
612,10,Índice — Distal,6,0,48.126,1.080,45,51,3.1,0,1,41.0
613,10,Índice — Distal,6,1,0.000,0.000,0,0,0.0,0,0,41.0
614,10,Índice — Distal,6,2,0.000,0.000,0,0,0.0,0,0,41.0
615,10,Índice — Distal,6,3,0.000,0.000,0,0,0.0,0,0,41.0
616,10,Índice — Distal,6,4,0.000,0.000,0,0,0.0,0,0,41.0
617,10,Índice — Distal,6,5,0.000,0.000,0,0,0.0,0,0,41.0
618,10,Índice — Distal,6,6,0.000,0.000,0,0,0.0,0,0,41.0
619,10,Índice — Distal,6,7,0.000,0.000,0,0,0.0,0,0,41.0
620,10,Índice — Distal,7,0,0.000,0.000,0,0,0.0,0,0,41.0
621,10,Índice — Distal,7,1,0.000,0.000,0,0,0.0,0,0,41.0
622,10,Índice — Distal,7,2,0.000,0.000,0,0,0.0,0,0,41.0
623,10,Índice — Distal,7,3,0.000,0.000,0,0,0.0,0,0,41.0
624,10,Índice — Distal,7,4,0.000,0.000,0,0,0.0,0,0,41.0
625,10,Índice — Distal,7,5,0.000,0.000,0,0,0.0,0,0,41.0
626,10,Índice — Distal,7,6,0.000,0.000,0,0,0.0,0,0,41.0
627,10,Índice — Distal,7,7,19.571,0.807,18,22,2.4,0,1,41.0
628,10,Índice — Distal,8,0,0.000,0.000,0,0,0.0,0,0,41.0
629,10,Índice — Distal,8,1,0.000,0.000,0,0,0.0,0,0,41.0
630,10,Índice — Distal,8,2,0.000,0.000,0,0,0.0,0,0,41.0
631,10,Índice — Distal,8,3,0.000,0.000,0,0,0.0,0,0,41.0
632,10,Índice — Distal,8,4,0.000,0.000,0,0,0.0,0,0,41.0
633,10,Índice — Distal,8,5,0.000,0.000,0,0,0.0,0,0,41.0
634,10,Índice — Distal,8,6,0.000,0.000,0,0,0.0,0,0,41.0
635,10,Índice — Distal,8,7,0.000,0.000,0,0,0.0,0,0,41.0
636,10,Índice — Distal,9,0,0.000,0.000,0,0,0.0,0,0,41.0
637,10,Índice — Distal,9,1,0.000,0.000,0,0,0.0,0,0,41.0
638,10,Índice — Distal,9,2,0.000,0.000,0,0,0.0,0,0,41.0
639,10,Índice — Distal,9,3,0.000,0.000,0,0,0.0,0,0,41.0
640,10,Índice — Distal,9,4,0.000,0.000,0,0,0.0,0,0,41.0
641,10,Índice — Distal,9,5,0.000,0.000,0,0,0.0,0,0,41.0
642,10,Índice — Distal,9,6,0.000,0.000,0,0,0.0,0,0,41.0
643,10,Índice — Distal,9,7,0.000,0.000,0,0,0.0,0,0,41.0
644,10,Índice — Distal,10,0,0.000,0.000,0,0,0.0,0,0,41.0
645,10,Índice — Distal,10,1,0.000,0.000,0,0,0.0,0,0,41.0
646,10,Índice — Distal,10,2,0.000,0.000,0,0,0.0,0,0,41.0
647,10,Índice — Distal,10,3,0.000,0.000,0,0,0.0,0,0,41.0
648,10,Índice — Distal,10,4,0.000,0.000,0,0,0.0,0,0,41.0
649,10,Índice — Distal,10,5,0.000,0.000,0,0,0.0,0,0,41.0
650,10,Índice — Distal,10,6,0.000,0.000,0,0,0.0,0,0,41.0
651,10,Índice — Distal,10,7,0.000,0.000,0,0,0.0,0,0,41.0
652,10,Índice — Distal,11,0,0.077,0.324,0,2,1.9,0,1,41.0
653,10,Índice — Distal,11,1,0.000,0.000,0,0,0.0,0,0,41.0
654,10,Índice — Distal,11,2,0.000,0.000,0,0,0.0,0,0,41.0
655,10,Índice — Distal,11,3,0.000,0.000,0,0,0.0,0,0,41.0
656,10,Índice — Distal,11,4,0.000,0.000,0,0,0.0,0,0,41.0
657,10,Índice — Distal,11,5,0.000,0.000,0,0,0.0,0,0,41.0
658,10,Índice — Distal,11,6,0.000,0.000,0,0,0.0,1,0,41.0
659,10,Índice — Distal,11,7,0.000,0.000,0,0,0.0,0,0,41.0
660,11,Índice — Palmar,0,0,0.000,0.000,0,0,0.0,1,0,41.0
661,11,Índice — Palmar,0,1,0.000,0.000,0,0,0.0,1,0,41.0
662,11,Índice — Palmar,0,2,0.000,0.000,0,0,0.0,1,0,41.0
663,11,Índice — Palmar,0,3,0.000,0.000,0,0,0.0,1,0,41.0
664,11,Índice — Palmar,0,4,0.000,0.000,0,0,0.0,1,0,41.0
665,11,Índice — Palmar,0,5,0.000,0.000,0,0,0.0,1,0,41.0
666,11,Índice — Palmar,0,6,0.000,0.000,0,0,0.0,1,0,41.0
667,11,Índice — Palmar,0,7,0.000,0.000,0,0,0.0,1,0,41.0
668,11,Índice — Palmar,1,0,0.000,0.000,0,0,0.0,0,0,41.0
669,11,Índice — Palmar,1,1,0.000,0.000,0,0,0.0,0,0,41.0
670,11,Índice — Palmar,1,2,0.000,0.000,0,0,0.0,0,0,41.0
671,11,Índice — Palmar,1,3,0.000,0.000,0,0,0.0,0,0,41.0
672,11,Índice — Palmar,1,4,0.000,0.000,0,0,0.0,0,0,41.0
673,11,Índice — Palmar,1,5,0.000,0.000,0,0,0.0,1,0,41.0
674,11,Índice — Palmar,1,6,0.000,0.000,0,0,0.0,0,0,41.0
675,11,Índice — Palmar,1,7,0.000,0.000,0,0,0.0,1,0,41.0
676,11,Índice — Palmar,2,0,0.000,0.000,0,0,0.0,0,0,41.0
677,11,Índice — Palmar,2,1,0.000,0.000,0,0,0.0,0,0,41.0
678,11,Índice — Palmar,2,2,0.000,0.000,0,0,0.0,0,0,41.0
679,11,Índice — Palmar,2,3,0.000,0.000,0,0,0.0,0,0,41.0
680,11,Índice — Palmar,2,4,0.000,0.000,0,0,0.0,0,0,41.0
681,11,Índice — Palmar,2,5,0.000,0.000,0,0,0.0,0,0,41.0
682,11,Índice — Palmar,2,6,0.000,0.000,0,0,0.0,0,0,41.0
683,11,Índice — Palmar,2,7,0.000,0.000,0,0,0.0,0,0,41.0
684,11,Índice — Palmar,3,0,0.000,0.000,0,0,0.0,0,0,41.0
685,11,Índice — Palmar,3,1,0.000,0.000,0,0,0.0,0,0,41.0
686,11,Índice — Palmar,3,2,0.000,0.000,0,0,0.0,0,0,41.0
687,11,Índice — Palmar,3,3,0.000,0.000,0,0,0.0,0,0,41.0
688,11,Índice — Palmar,3,4,0.000,0.000,0,0,0.0,0,0,41.0
689,11,Índice — Palmar,3,5,0.000,0.000,0,0,0.0,0,0,41.0
690,11,Índice — Palmar,3,6,0.000,0.000,0,0,0.0,0,0,41.0
691,11,Índice — Palmar,3,7,0.000,0.000,0,0,0.0,0,0,41.0
692,11,Índice — Palmar,4,0,0.000,0.000,0,0,0.0,0,0,41.0
693,11,Índice — Palmar,4,1,0.000,0.000,0,0,0.0,0,0,41.0
694,11,Índice — Palmar,4,2,0.000,0.000,0,0,0.0,0,0,41.0
695,11,Índice — Palmar,4,3,0.000,0.000,0,0,0.0,0,0,41.0
696,11,Índice — Palmar,4,4,0.000,0.000,0,0,0.0,0,0,41.0
697,11,Índice — Palmar,4,5,0.000,0.000,0,0,0.0,0,0,41.0
698,11,Índice — Palmar,4,6,0.000,0.000,0,0,0.0,0,0,41.0
699,11,Índice — Palmar,4,7,0.000,0.000,0,0,0.0,0,0,41.0
700,11,Índice — Palmar,5,0,0.000,0.000,0,0,0.0,0,0,41.0
701,11,Índice — Palmar,5,1,0.000,0.000,0,0,0.0,0,0,41.0
702,11,Índice — Palmar,5,2,0.000,0.000,0,0,0.0,0,0,41.0
703,11,Índice — Palmar,5,3,0.000,0.000,0,0,0.0,0,0,41.0
704,11,Índice — Palmar,5,4,0.000,0.000,0,0,0.0,0,0,41.0
705,11,Índice — Palmar,5,5,0.000,0.000,0,0,0.0,0,0,41.0
706,11,Índice — Palmar,5,6,0.000,0.000,0,0,0.0,0,0,41.0
707,11,Índice — Palmar,5,7,0.000,0.000,0,0,0.0,0,0,41.0
708,11,Índice — Palmar,6,0,0.000,0.000,0,0,0.0,0,0,41.0
709,11,Índice — Palmar,6,1,0.000,0.000,0,0,0.0,0,0,41.0
710,11,Índice — Palmar,6,2,0.000,0.000,0,0,0.0,0,0,41.0
711,11,Índice — Palmar,6,3,0.000,0.000,0,0,0.0,0,0,41.0
712,11,Índice — Palmar,6,4,0.000,0.000,0,0,0.0,0,0,41.0
713,11,Índice — Palmar,6,5,0.000,0.000,0,0,0.0,0,0,41.0
714,11,Índice — Palmar,6,6,0.000,0.000,0,0,0.0,0,0,41.0
715,11,Índice — Palmar,6,7,0.000,0.000,0,0,0.0,0,0,41.0
716,11,Índice — Palmar,7,0,0.000,0.000,0,0,0.0,0,0,41.0
717,11,Índice — Palmar,7,1,0.000,0.000,0,0,0.0,0,0,41.0
718,11,Índice — Palmar,7,2,0.000,0.000,0,0,0.0,0,0,41.0
719,11,Índice — Palmar,7,3,0.000,0.000,0,0,0.0,0,0,41.0
720,11,Índice — Palmar,7,4,0.000,0.000,0,0,0.0,0,0,41.0
721,11,Índice — Palmar,7,5,0.000,0.000,0,0,0.0,0,0,41.0
722,11,Índice — Palmar,7,6,1.429,3.863,0,16,14.6,0,1,41.0
723,11,Índice — Palmar,7,7,0.000,0.000,0,0,0.0,0,0,41.0
724,11,Índice — Palmar,8,0,0.000,0.000,0,0,0.0,0,0,41.0
725,11,Índice — Palmar,8,1,0.000,0.000,0,0,0.0,0,0,41.0
726,11,Índice — Palmar,8,2,0.000,0.000,0,0,0.0,0,0,41.0
727,11,Índice — Palmar,8,3,0.000,0.000,0,0,0.0,0,0,41.0
728,11,Índice — Palmar,8,4,0.000,0.000,0,0,0.0,0,0,41.0
729,11,Índice — Palmar,8,5,0.000,0.000,0,0,0.0,0,0,41.0
730,11,Índice — Palmar,8,6,0.000,0.000,0,0,0.0,0,0,41.0
731,11,Índice — Palmar,8,7,0.000,0.000,0,0,0.0,0,0,41.0
732,11,Índice — Palmar,9,0,0.000,0.000,0,0,0.0,0,0,41.0
733,11,Índice — Palmar,9,1,0.000,0.000,0,0,0.0,0,0,41.0
734,11,Índice — Palmar,9,2,0.000,0.000,0,0,0.0,0,0,41.0
735,11,Índice — Palmar,9,3,0.000,0.000,0,0,0.0,0,0,41.0
736,11,Índice — Palmar,9,4,0.000,0.000,0,0,0.0,0,0,41.0
737,11,Índice — Palmar,9,5,0.000,0.000,0,0,0.0,0,0,41.0
738,11,Índice — Palmar,9,6,0.000,0.000,0,0,0.0,0,0,41.0
739,11,Índice — Palmar,9,7,0.000,0.000,0,0,0.0,0,0,41.0
740,12,Pulgar — Punta,0,0,0.000,0.000,0,0,0.0,0,0,41.0
741,12,Pulgar — Punta,0,1,0.000,0.000,0,0,0.0,0,0,41.0
742,12,Pulgar — Punta,0,2,0.000,0.000,0,0,0.0,0,0,41.0
743,12,Pulgar — Punta,1,0,0.000,0.000,0,0,0.0,0,0,41.0
744,12,Pulgar — Punta,1,1,0.000,0.000,0,0,0.0,0,0,41.0
745,12,Pulgar — Punta,1,2,0.000,0.000,0,0,0.0,0,0,41.0
746,12,Pulgar — Punta,2,0,0.000,0.000,0,0,0.0,0,0,41.0
747,12,Pulgar — Punta,2,1,0.000,0.000,0,0,0.0,0,0,41.0
748,12,Pulgar — Punta,2,2,0.000,0.000,0,0,0.0,0,0,41.0
749,13,Pulgar — Distal,0,0,0.000,0.000,0,0,0.0,0,0,41.0
750,13,Pulgar — Distal,0,1,0.000,0.000,0,0,0.0,0,0,41.0
751,13,Pulgar — Distal,0,2,0.000,0.000,0,0,0.0,0,0,41.0
752,13,Pulgar — Distal,0,3,0.000,0.000,0,0,0.0,0,0,41.0
753,13,Pulgar — Distal,0,4,0.000,0.000,0,0,0.0,0,0,41.0
754,13,Pulgar — Distal,0,5,0.000,0.000,0,0,0.0,0,0,41.0
755,13,Pulgar — Distal,0,6,0.000,0.000,0,0,0.0,0,0,41.0
756,13,Pulgar — Distal,0,7,22.972,14.525,0,39,23.0,0,1,72.6
757,13,Pulgar — Distal,1,0,0.000,0.000,0,0,0.0,0,0,41.0
758,13,Pulgar — Distal,1,1,0.000,0.000,0,0,0.0,0,0,41.0
759,13,Pulgar — Distal,1,2,0.000,0.000,0,0,0.0,0,0,41.0
760,13,Pulgar — Distal,1,3,0.000,0.000,0,0,0.0,0,0,41.0
761,13,Pulgar — Distal,1,4,0.000,0.000,0,0,0.0,0,0,41.0
762,13,Pulgar — Distal,1,5,0.000,0.000,0,0,0.0,0,0,41.0
763,13,Pulgar — Distal,1,6,0.000,0.000,0,0,0.0,0,0,41.0
764,13,Pulgar — Distal,1,7,33.722,4.354,23,41,10.7,0,1,41.0
765,13,Pulgar — Distal,2,0,0.000,0.000,0,0,0.0,0,0,41.0
766,13,Pulgar — Distal,2,1,0.000,0.000,0,0,0.0,0,0,41.0
767,13,Pulgar — Distal,2,2,0.000,0.000,0,0,0.0,0,0,41.0
768,13,Pulgar — Distal,2,3,0.000,0.000,0,0,0.0,0,0,41.0
769,13,Pulgar — Distal,2,4,0.000,0.000,0,0,0.0,0,0,41.0
770,13,Pulgar — Distal,2,5,0.000,0.000,0,0,0.0,0,0,41.0
771,13,Pulgar — Distal,2,6,0.000,0.000,0,0,0.0,0,0,41.0
772,13,Pulgar — Distal,2,7,0.000,0.000,0,0,0.0,0,0,41.0
773,13,Pulgar — Distal,3,0,0.000,0.000,0,0,0.0,0,0,41.0
774,13,Pulgar — Distal,3,1,0.000,0.000,0,0,0.0,0,0,41.0
775,13,Pulgar — Distal,3,2,0.000,0.000,0,0,0.0,0,0,41.0
776,13,Pulgar — Distal,3,3,0.000,0.000,0,0,0.0,0,0,41.0
777,13,Pulgar — Distal,3,4,0.000,0.000,0,0,0.0,0,0,41.0
778,13,Pulgar — Distal,3,5,0.000,0.000,0,0,0.0,0,0,41.0
779,13,Pulgar — Distal,3,6,0.000,0.000,0,0,0.0,0,0,41.0
780,13,Pulgar — Distal,3,7,0.000,0.000,0,0,0.0,0,0,41.0
781,13,Pulgar — Distal,4,0,0.000,0.000,0,0,0.0,0,0,41.0
782,13,Pulgar — Distal,4,1,0.000,0.000,0,0,0.0,0,0,41.0
783,13,Pulgar — Distal,4,2,0.000,0.000,0,0,0.0,0,0,41.0
784,13,Pulgar — Distal,4,3,0.000,0.000,0,0,0.0,0,0,41.0
785,13,Pulgar — Distal,4,4,0.000,0.000,0,0,0.0,0,0,41.0
786,13,Pulgar — Distal,4,5,0.000,0.000,0,0,0.0,0,0,41.0
787,13,Pulgar — Distal,4,6,0.008,0.086,0,1,1.0,0,1,41.0
788,13,Pulgar — Distal,4,7,0.000,0.000,0,0,0.0,0,0,41.0
789,13,Pulgar — Distal,5,0,0.026,0.236,0,4,4.0,0,1,41.0
790,13,Pulgar — Distal,5,1,0.000,0.000,0,0,0.0,0,0,41.0
791,13,Pulgar — Distal,5,2,0.000,0.000,0,0,0.0,0,0,41.0
792,13,Pulgar — Distal,5,3,0.000,0.000,0,0,0.0,0,0,41.0
793,13,Pulgar — Distal,5,4,0.000,0.000,0,0,0.0,0,0,41.0
794,13,Pulgar — Distal,5,5,0.000,0.000,0,0,0.0,0,0,41.0
795,13,Pulgar — Distal,5,6,0.000,0.000,0,0,0.0,0,0,41.0
796,13,Pulgar — Distal,5,7,24.489,1.410,21,28,3.5,0,1,41.0
797,13,Pulgar — Distal,6,0,7.348,5.724,0,14,7.3,0,1,41.0
798,13,Pulgar — Distal,6,1,0.000,0.000,0,0,0.0,0,0,41.0
799,13,Pulgar — Distal,6,2,0.000,0.000,0,0,0.0,0,0,41.0
800,13,Pulgar — Distal,6,3,0.000,0.000,0,0,0.0,0,0,41.0
801,13,Pulgar — Distal,6,4,0.000,0.000,0,0,0.0,0,0,41.0
802,13,Pulgar — Distal,6,5,0.000,0.000,0,0,0.0,0,0,41.0
803,13,Pulgar — Distal,6,6,0.000,0.000,0,0,0.0,0,0,41.0
804,13,Pulgar — Distal,6,7,0.239,0.599,0,3,2.8,0,1,41.0
805,13,Pulgar — Distal,7,0,6.885,1.446,2,10,4.9,0,1,41.0
806,13,Pulgar — Distal,7,1,0.985,0.748,0,3,2.0,0,1,41.0
807,13,Pulgar — Distal,7,2,0.000,0.000,0,0,0.0,0,0,41.0
808,13,Pulgar — Distal,7,3,0.000,0.000,0,0,0.0,0,0,41.0
809,13,Pulgar — Distal,7,4,0.000,0.000,0,0,0.0,0,0,41.0
810,13,Pulgar — Distal,7,5,0.000,0.000,0,0,0.0,0,0,41.0
811,13,Pulgar — Distal,7,6,0.000,0.000,0,0,0.0,0,0,41.0
812,13,Pulgar — Distal,7,7,0.000,0.000,0,0,0.0,0,0,41.0
813,13,Pulgar — Distal,8,0,0.000,0.000,0,0,0.0,0,0,41.0
814,13,Pulgar — Distal,8,1,0.000,0.000,0,0,0.0,0,0,41.0
815,13,Pulgar — Distal,8,2,0.000,0.000,0,0,0.0,0,0,41.0
816,13,Pulgar — Distal,8,3,0.000,0.000,0,0,0.0,0,0,41.0
817,13,Pulgar — Distal,8,4,0.000,0.000,0,0,0.0,0,0,41.0
818,13,Pulgar — Distal,8,5,0.000,0.000,0,0,0.0,0,0,41.0
819,13,Pulgar — Distal,8,6,0.000,0.000,0,0,0.0,0,0,41.0
820,13,Pulgar — Distal,8,7,0.000,0.000,0,0,0.0,0,0,41.0
821,13,Pulgar — Distal,9,0,44.218,0.844,41,48,3.8,0,1,41.0
822,13,Pulgar — Distal,9,1,0.000,0.000,0,0,0.0,0,0,41.0
823,13,Pulgar — Distal,9,2,0.000,0.000,0,0,0.0,0,0,41.0
824,13,Pulgar — Distal,9,3,0.000,0.000,0,0,0.0,0,0,41.0
825,13,Pulgar — Distal,9,4,0.000,0.000,0,0,0.0,0,0,41.0
826,13,Pulgar — Distal,9,5,0.000,0.000,0,0,0.0,0,0,41.0
827,13,Pulgar — Distal,9,6,0.000,0.000,0,0,0.0,0,0,41.0
828,13,Pulgar — Distal,9,7,6.585,1.626,3,11,4.4,0,1,41.0
829,13,Pulgar — Distal,10,0,12.923,9.110,1,39,26.1,0,1,45.6
830,13,Pulgar — Distal,10,1,0.000,0.000,0,0,0.0,0,0,41.0
831,13,Pulgar — Distal,10,2,0.000,0.000,0,0,0.0,0,0,41.0
832,13,Pulgar — Distal,10,3,0.000,0.000,0,0,0.0,0,0,41.0
833,13,Pulgar — Distal,10,4,0.000,0.000,0,0,0.0,0,0,41.0
834,13,Pulgar — Distal,10,5,0.000,0.000,0,0,0.0,0,0,41.0
835,13,Pulgar — Distal,10,6,3.235,3.855,0,11,7.8,0,1,41.0
836,13,Pulgar — Distal,10,7,0.002,0.043,0,1,1.0,0,1,41.0
837,13,Pulgar — Distal,11,0,65.209,4.159,59,76,10.8,0,1,41.0
838,13,Pulgar — Distal,11,1,58.436,1.313,55,62,3.6,0,1,41.0
839,13,Pulgar — Distal,11,2,0.000,0.000,0,0,0.0,0,0,41.0
840,13,Pulgar — Distal,11,3,0.000,0.000,0,0,0.0,0,0,41.0
841,13,Pulgar — Distal,11,4,0.000,0.000,0,0,0.0,0,0,41.0
842,13,Pulgar — Distal,11,5,61.252,2.488,56,67,5.7,0,1,41.0
843,13,Pulgar — Distal,11,6,52.737,5.252,41,63,11.7,0,1,41.0
844,13,Pulgar — Distal,11,7,0.000,0.000,0,0,0.0,0,0,41.0
845,14,Pulgar — Medio,0,0,0.000,0.000,0,0,0.0,1,0,41.0
846,14,Pulgar — Medio,0,1,0.000,0.000,0,0,0.0,0,0,41.0
847,14,Pulgar — Medio,0,2,0.000,0.000,0,0,0.0,1,0,41.0
848,14,Pulgar — Medio,1,0,0.000,0.000,0,0,0.0,1,0,41.0
849,14,Pulgar — Medio,1,1,0.000,0.000,0,0,0.0,0,0,41.0
850,14,Pulgar — Medio,1,2,0.000,0.000,0,0,0.0,1,0,41.0
851,14,Pulgar — Medio,2,0,0.000,0.000,0,0,0.0,1,0,41.0
852,14,Pulgar — Medio,2,1,0.000,0.000,0,0,0.0,1,0,41.0
853,14,Pulgar — Medio,2,2,0.000,0.000,0,0,0.0,1,0,41.0
854,15,Pulgar — Palmar,0,0,0.000,0.000,0,0,0.0,0,0,41.0
855,15,Pulgar — Palmar,0,1,0.000,0.000,0,0,0.0,0,0,41.0
856,15,Pulgar — Palmar,0,2,0.000,0.000,0,0,0.0,0,0,41.0
857,15,Pulgar — Palmar,0,3,0.000,0.000,0,0,0.0,0,0,41.0
858,15,Pulgar — Palmar,0,4,0.000,0.000,0,0,0.0,0,0,41.0
859,15,Pulgar — Palmar,0,5,0.000,0.000,0,0,0.0,0,0,41.0
860,15,Pulgar — Palmar,0,6,0.000,0.000,0,0,0.0,0,0,41.0
861,15,Pulgar — Palmar,0,7,0.000,0.000,0,0,0.0,0,0,41.0
862,15,Pulgar — Palmar,1,0,0.000,0.000,0,0,0.0,0,0,41.0
863,15,Pulgar — Palmar,1,1,0.000,0.000,0,0,0.0,0,0,41.0
864,15,Pulgar — Palmar,1,2,0.000,0.000,0,0,0.0,0,0,41.0
865,15,Pulgar — Palmar,1,3,0.000,0.000,0,0,0.0,0,0,41.0
866,15,Pulgar — Palmar,1,4,0.000,0.000,0,0,0.0,0,0,41.0
867,15,Pulgar — Palmar,1,5,0.000,0.000,0,0,0.0,0,0,41.0
868,15,Pulgar — Palmar,1,6,0.000,0.000,0,0,0.0,0,0,41.0
869,15,Pulgar — Palmar,1,7,0.000,0.000,0,0,0.0,1,0,41.0
870,15,Pulgar — Palmar,2,0,0.000,0.000,0,0,0.0,0,0,41.0
871,15,Pulgar — Palmar,2,1,0.000,0.000,0,0,0.0,0,0,41.0
872,15,Pulgar — Palmar,2,2,0.000,0.000,0,0,0.0,0,0,41.0
873,15,Pulgar — Palmar,2,3,0.000,0.000,0,0,0.0,0,0,41.0
874,15,Pulgar — Palmar,2,4,0.000,0.000,0,0,0.0,0,0,41.0
875,15,Pulgar — Palmar,2,5,0.000,0.000,0,0,0.0,0,0,41.0
876,15,Pulgar — Palmar,2,6,0.000,0.000,0,0,0.0,0,0,41.0
877,15,Pulgar — Palmar,2,7,0.000,0.000,0,0,0.0,0,0,41.0
878,15,Pulgar — Palmar,3,0,0.000,0.000,0,0,0.0,0,0,41.0
879,15,Pulgar — Palmar,3,1,0.000,0.000,0,0,0.0,0,0,41.0
880,15,Pulgar — Palmar,3,2,0.000,0.000,0,0,0.0,0,0,41.0
881,15,Pulgar — Palmar,3,3,0.000,0.000,0,0,0.0,0,0,41.0
882,15,Pulgar — Palmar,3,4,0.000,0.000,0,0,0.0,0,0,41.0
883,15,Pulgar — Palmar,3,5,0.000,0.000,0,0,0.0,0,0,41.0
884,15,Pulgar — Palmar,3,6,0.000,0.000,0,0,0.0,0,0,41.0
885,15,Pulgar — Palmar,3,7,0.000,0.000,0,0,0.0,0,0,41.0
886,15,Pulgar — Palmar,4,0,0.000,0.000,0,0,0.0,0,0,41.0
887,15,Pulgar — Palmar,4,1,0.000,0.000,0,0,0.0,0,0,41.0
888,15,Pulgar — Palmar,4,2,0.000,0.000,0,0,0.0,0,0,41.0
889,15,Pulgar — Palmar,4,3,0.000,0.000,0,0,0.0,0,0,41.0
890,15,Pulgar — Palmar,4,4,0.000,0.000,0,0,0.0,0,0,41.0
891,15,Pulgar — Palmar,4,5,0.000,0.000,0,0,0.0,0,0,41.0
892,15,Pulgar — Palmar,4,6,0.000,0.000,0,0,0.0,0,0,41.0
893,15,Pulgar — Palmar,4,7,0.000,0.000,0,0,0.0,1,0,41.0
894,15,Pulgar — Palmar,5,0,0.000,0.000,0,0,0.0,0,0,41.0
895,15,Pulgar — Palmar,5,1,0.000,0.000,0,0,0.0,0,0,41.0
896,15,Pulgar — Palmar,5,2,0.000,0.000,0,0,0.0,0,0,41.0
897,15,Pulgar — Palmar,5,3,0.000,0.000,0,0,0.0,0,0,41.0
898,15,Pulgar — Palmar,5,4,0.000,0.000,0,0,0.0,0,0,41.0
899,15,Pulgar — Palmar,5,5,0.000,0.000,0,0,0.0,0,0,41.0
900,15,Pulgar — Palmar,5,6,0.000,0.000,0,0,0.0,0,0,41.0
901,15,Pulgar — Palmar,5,7,0.000,0.000,0,0,0.0,0,0,41.0
902,15,Pulgar — Palmar,6,0,0.000,0.000,0,0,0.0,0,0,41.0
903,15,Pulgar — Palmar,6,1,0.000,0.000,0,0,0.0,0,0,41.0
904,15,Pulgar — Palmar,6,2,0.000,0.000,0,0,0.0,0,0,41.0
905,15,Pulgar — Palmar,6,3,0.000,0.000,0,0,0.0,0,0,41.0
906,15,Pulgar — Palmar,6,4,0.000,0.000,0,0,0.0,0,0,41.0
907,15,Pulgar — Palmar,6,5,0.000,0.000,0,0,0.0,0,0,41.0
908,15,Pulgar — Palmar,6,6,0.000,0.000,0,0,0.0,0,0,41.0
909,15,Pulgar — Palmar,6,7,0.000,0.000,0,0,0.0,0,0,41.0
910,15,Pulgar — Palmar,7,0,0.000,0.000,0,0,0.0,0,0,41.0
911,15,Pulgar — Palmar,7,1,0.000,0.000,0,0,0.0,0,0,41.0
912,15,Pulgar — Palmar,7,2,0.000,0.000,0,0,0.0,0,0,41.0
913,15,Pulgar — Palmar,7,3,0.000,0.000,0,0,0.0,0,0,41.0
914,15,Pulgar — Palmar,7,4,0.000,0.000,0,0,0.0,0,0,41.0
915,15,Pulgar — Palmar,7,5,0.000,0.000,0,0,0.0,0,0,41.0
916,15,Pulgar — Palmar,7,6,0.000,0.000,0,0,0.0,0,0,41.0
917,15,Pulgar — Palmar,7,7,0.000,0.000,0,0,0.0,0,0,41.0
918,15,Pulgar — Palmar,8,0,0.000,0.000,0,0,0.0,0,0,41.0
919,15,Pulgar — Palmar,8,1,0.000,0.000,0,0,0.0,0,0,41.0
920,15,Pulgar — Palmar,8,2,0.000,0.000,0,0,0.0,0,0,41.0
921,15,Pulgar — Palmar,8,3,0.000,0.000,0,0,0.0,0,0,41.0
922,15,Pulgar — Palmar,8,4,0.000,0.000,0,0,0.0,0,0,41.0
923,15,Pulgar — Palmar,8,5,0.000,0.000,0,0,0.0,0,0,41.0
924,15,Pulgar — Palmar,8,6,0.000,0.000,0,0,0.0,0,0,41.0
925,15,Pulgar — Palmar,8,7,0.000,0.000,0,0,0.0,0,0,41.0
926,15,Pulgar — Palmar,9,0,0.000,0.000,0,0,0.0,0,0,41.0
927,15,Pulgar — Palmar,9,1,0.000,0.000,0,0,0.0,0,0,41.0
928,15,Pulgar — Palmar,9,2,0.000,0.000,0,0,0.0,0,0,41.0
929,15,Pulgar — Palmar,9,3,0.000,0.000,0,0,0.0,0,0,41.0
930,15,Pulgar — Palmar,9,4,0.000,0.000,0,0,0.0,0,0,41.0
931,15,Pulgar — Palmar,9,5,0.000,0.000,0,0,0.0,0,0,41.0
932,15,Pulgar — Palmar,9,6,0.000,0.000,0,0,0.0,0,0,41.0
933,15,Pulgar — Palmar,9,7,0.000,0.000,0,0,0.0,0,0,41.0
934,15,Pulgar — Palmar,10,0,0.000,0.000,0,0,0.0,0,0,41.0
935,15,Pulgar — Palmar,10,1,0.000,0.000,0,0,0.0,0,0,41.0
936,15,Pulgar — Palmar,10,2,0.000,0.000,0,0,0.0,0,0,41.0
937,15,Pulgar — Palmar,10,3,0.000,0.000,0,0,0.0,0,0,41.0
938,15,Pulgar — Palmar,10,4,0.000,0.000,0,0,0.0,0,0,41.0
939,15,Pulgar — Palmar,10,5,0.000,0.000,0,0,0.0,0,0,41.0
940,15,Pulgar — Palmar,10,6,0.000,0.000,0,0,0.0,0,0,41.0
941,15,Pulgar — Palmar,10,7,0.000,0.000,0,0,0.0,0,0,41.0
942,15,Pulgar — Palmar,11,0,0.000,0.000,0,0,0.0,0,0,41.0
943,15,Pulgar — Palmar,11,1,0.000,0.000,0,0,0.0,0,0,41.0
944,15,Pulgar — Palmar,11,2,0.000,0.000,0,0,0.0,0,0,41.0
945,15,Pulgar — Palmar,11,3,0.000,0.000,0,0,0.0,0,0,41.0
946,15,Pulgar — Palmar,11,4,0.000,0.000,0,0,0.0,0,0,41.0
947,15,Pulgar — Palmar,11,5,0.000,0.000,0,0,0.0,0,0,41.0
948,15,Pulgar — Palmar,11,6,0.000,0.000,0,0,0.0,0,0,41.0
949,15,Pulgar — Palmar,11,7,0.000,0.000,0,0,0.0,0,0,41.0
950,16,Palma,0,0,0.000,0.000,0,0,0.0,1,0,41.0
951,16,Palma,0,1,0.000,0.000,0,0,0.0,0,0,41.0
952,16,Palma,0,2,0.000,0.000,0,0,0.0,0,0,41.0
953,16,Palma,0,3,0.000,0.000,0,0,0.0,0,0,41.0
954,16,Palma,0,4,0.000,0.000,0,0,0.0,0,0,41.0
955,16,Palma,0,5,0.000,0.000,0,0,0.0,0,0,41.0
956,16,Palma,0,6,0.000,0.000,0,0,0.0,0,0,41.0
957,16,Palma,0,7,0.000,0.000,0,0,0.0,1,0,41.0
958,16,Palma,1,0,0.000,0.000,0,0,0.0,1,0,41.0
959,16,Palma,1,1,0.000,0.000,0,0,0.0,0,0,41.0
960,16,Palma,1,2,0.000,0.000,0,0,0.0,0,0,41.0
961,16,Palma,1,3,0.000,0.000,0,0,0.0,0,0,41.0
962,16,Palma,1,4,0.000,0.000,0,0,0.0,0,0,41.0
963,16,Palma,1,5,0.000,0.000,0,0,0.0,0,0,41.0
964,16,Palma,1,6,0.000,0.000,0,0,0.0,0,0,41.0
965,16,Palma,1,7,0.000,0.000,0,0,0.0,1,0,41.0
966,16,Palma,2,0,0.000,0.000,0,0,0.0,1,0,41.0
967,16,Palma,2,1,0.000,0.000,0,0,0.0,0,0,41.0
968,16,Palma,2,2,0.000,0.000,0,0,0.0,0,0,41.0
969,16,Palma,2,3,0.000,0.000,0,0,0.0,0,0,41.0
970,16,Palma,2,4,0.000,0.000,0,0,0.0,0,0,41.0
971,16,Palma,2,5,0.000,0.000,0,0,0.0,0,0,41.0
972,16,Palma,2,6,0.000,0.000,0,0,0.0,0,0,41.0
973,16,Palma,2,7,0.000,0.000,0,0,0.0,1,0,41.0
974,16,Palma,3,0,0.000,0.000,0,0,0.0,1,0,41.0
975,16,Palma,3,1,0.000,0.000,0,0,0.0,0,0,41.0
976,16,Palma,3,2,0.000,0.000,0,0,0.0,0,0,41.0
977,16,Palma,3,3,0.000,0.000,0,0,0.0,0,0,41.0
978,16,Palma,3,4,0.000,0.000,0,0,0.0,0,0,41.0
979,16,Palma,3,5,0.000,0.000,0,0,0.0,0,0,41.0
980,16,Palma,3,6,0.000,0.000,0,0,0.0,0,0,41.0
981,16,Palma,3,7,0.000,0.000,0,0,0.0,1,0,41.0
982,16,Palma,4,0,0.000,0.000,0,0,0.0,1,0,41.0
983,16,Palma,4,1,0.000,0.000,0,0,0.0,0,0,41.0
984,16,Palma,4,2,0.000,0.000,0,0,0.0,0,0,41.0
985,16,Palma,4,3,0.000,0.000,0,0,0.0,0,0,41.0
986,16,Palma,4,4,0.000,0.000,0,0,0.0,0,0,41.0
987,16,Palma,4,5,0.000,0.000,0,0,0.0,0,0,41.0
988,16,Palma,4,6,0.000,0.000,0,0,0.0,0,0,41.0
989,16,Palma,4,7,0.000,0.000,0,0,0.0,1,0,41.0
990,16,Palma,5,0,0.000,0.000,0,0,0.0,1,0,41.0
991,16,Palma,5,1,0.000,0.000,0,0,0.0,0,0,41.0
992,16,Palma,5,2,0.000,0.000,0,0,0.0,0,0,41.0
993,16,Palma,5,3,0.000,0.000,0,0,0.0,0,0,41.0
994,16,Palma,5,4,0.000,0.000,0,0,0.0,0,0,41.0
995,16,Palma,5,5,0.000,0.000,0,0,0.0,0,0,41.0
996,16,Palma,5,6,0.000,0.000,0,0,0.0,0,0,41.0
997,16,Palma,5,7,0.000,0.000,0,0,0.0,1,0,41.0
998,16,Palma,6,0,0.000,0.000,0,0,0.0,1,0,41.0
999,16,Palma,6,1,0.000,0.000,0,0,0.0,1,0,41.0
1000,16,Palma,6,2,0.000,0.000,0,0,0.0,0,0,41.0
1001,16,Palma,6,3,0.000,0.000,0,0,0.0,0,0,41.0
1002,16,Palma,6,4,0.000,0.000,0,0,0.0,0,0,41.0
1003,16,Palma,6,5,0.000,0.000,0,0,0.0,0,0,41.0
1004,16,Palma,6,6,0.000,0.000,0,0,0.0,1,0,41.0
1005,16,Palma,6,7,0.000,0.000,0,0,0.0,1,0,41.0
1006,16,Palma,7,0,0.000,0.000,0,0,0.0,1,0,41.0
1007,16,Palma,7,1,0.000,0.000,0,0,0.0,1,0,41.0
1008,16,Palma,7,2,0.000,0.000,0,0,0.0,0,0,41.0
1009,16,Palma,7,3,0.000,0.000,0,0,0.0,0,0,41.0
1010,16,Palma,7,4,0.000,0.000,0,0,0.0,0,0,41.0
1011,16,Palma,7,5,0.000,0.000,0,0,0.0,1,0,41.0
1012,16,Palma,7,6,0.000,0.000,0,0,0.0,1,0,41.0
1013,16,Palma,7,7,0.000,0.000,0,0,0.0,1,0,41.0
1014,16,Palma,8,0,0.000,0.000,0,0,0.0,1,0,41.0
1015,16,Palma,8,1,0.000,0.000,0,0,0.0,0,0,41.0
1016,16,Palma,8,2,0.000,0.000,0,0,0.0,0,0,41.0
1017,16,Palma,8,3,0.000,0.000,0,0,0.0,0,0,41.0
1018,16,Palma,8,4,0.000,0.000,0,0,0.0,0,0,41.0
1019,16,Palma,8,5,0.000,0.000,0,0,0.0,1,0,41.0
1020,16,Palma,8,6,0.000,0.000,0,0,0.0,1,0,41.0
1021,16,Palma,8,7,0.000,0.000,0,0,0.0,1,0,41.0
1022,16,Palma,9,0,0.000,0.000,0,0,0.0,0,0,41.0
1023,16,Palma,9,1,0.000,0.000,0,0,0.0,0,0,41.0
1024,16,Palma,9,2,0.000,0.000,0,0,0.0,0,0,41.0
1025,16,Palma,9,3,0.000,0.000,0,0,0.0,0,0,41.0
1026,16,Palma,9,4,0.000,0.000,0,0,0.0,0,0,41.0
1027,16,Palma,9,5,0.000,0.000,0,0,0.0,0,0,41.0
1028,16,Palma,9,6,0.000,0.000,0,0,0.0,1,0,41.0
1029,16,Palma,9,7,0.000,0.000,0,0,0.0,1,0,41.0
1030,16,Palma,10,0,0.000,0.000,0,0,0.0,0,0,41.0
1031,16,Palma,10,1,0.000,0.000,0,0,0.0,0,0,41.0
1032,16,Palma,10,2,0.000,0.000,0,0,0.0,0,0,41.0
1033,16,Palma,10,3,0.000,0.000,0,0,0.0,0,0,41.0
1034,16,Palma,10,4,0.000,0.000,0,0,0.0,0,0,41.0
1035,16,Palma,10,5,0.000,0.000,0,0,0.0,0,0,41.0
1036,16,Palma,10,6,0.000,0.000,0,0,0.0,1,0,41.0
1037,16,Palma,10,7,0.000,0.000,0,0,0.0,1,0,41.0
1038,16,Palma,11,0,0.000,0.000,0,0,0.0,0,0,41.0
1039,16,Palma,11,1,0.000,0.000,0,0,0.0,0,0,41.0
1040,16,Palma,11,2,0.000,0.000,0,0,0.0,0,0,41.0
1041,16,Palma,11,3,0.000,0.000,0,0,0.0,0,0,41.0
1042,16,Palma,11,4,0.000,0.000,0,0,0.0,0,0,41.0
1043,16,Palma,11,5,0.000,0.000,0,0,0.0,0,0,41.0
1044,16,Palma,11,6,0.000,0.000,0,0,0.0,1,0,41.0
1045,16,Palma,11,7,0.000,0.000,0,0,0.0,1,0,41.0
1046,16,Palma,12,0,0.000,0.000,0,0,0.0,0,0,41.0
1047,16,Palma,12,1,0.000,0.000,0,0,0.0,0,0,41.0
1048,16,Palma,12,2,0.000,0.000,0,0,0.0,0,0,41.0
1049,16,Palma,12,3,0.000,0.000,0,0,0.0,0,0,41.0
1050,16,Palma,12,4,0.000,0.000,0,0,0.0,0,0,41.0
1051,16,Palma,12,5,0.000,0.000,0,0,0.0,0,0,41.0
1052,16,Palma,12,6,0.000,0.000,0,0,0.0,1,0,41.0
1053,16,Palma,12,7,0.000,0.000,0,0,0.0,1,0,41.0
1054,16,Palma,13,0,0.000,0.000,0,0,0.0,0,0,41.0
1055,16,Palma,13,1,0.000,0.000,0,0,0.0,0,0,41.0
1056,16,Palma,13,2,0.000,0.000,0,0,0.0,0,0,41.0
1057,16,Palma,13,3,0.000,0.000,0,0,0.0,0,0,41.0
1058,16,Palma,13,4,0.000,0.000,0,0,0.0,0,0,41.0
1059,16,Palma,13,5,0.000,0.000,0,0,0.0,1,0,41.0
1060,16,Palma,13,6,0.000,0.000,0,0,0.0,1,0,41.0
1061,16,Palma,13,7,0.000,0.000,0,0,0.0,1,0,41.0
