taxel,zone,zone_name,row,col,addr,mu,sigma,min,max,status
0,0,Meñique — Punta,0,0,3000,0.000,0.000,0,0,ok
1,0,Meñique — Punta,0,1,3001,0.000,0.000,0,0,ok
2,0,Meñique — Punta,0,2,3002,0.000,0.000,0,0,ok
3,0,Meñique — Punta,1,0,3003,97.150,118.991,32,452,noisy
4,0,Meñique — Punta,1,1,3004,297.700,30.649,261,397,noisy
5,0,Meñique — Punta,1,2,3005,260.603,23.505,228,332,noisy
6,0,Meñique — Punta,2,0,3006,55.290,14.574,28,75,noisy
7,0,Meñique — Punta,2,1,3007,288.870,14.636,250,313,noisy
8,0,Meñique — Punta,2,2,3008,258.263,10.928,234,282,noisy
9,1,Meñique — Distal,0,0,3018,0.000,0.000,0,0,ok
10,1,Meñique — Distal,0,1,3019,0.000,0.000,0,0,ok
11,1,Meñique — Distal,0,2,3020,0.000,0.000,0,0,ok
12,1,Meñique — Distal,0,3,3021,0.000,0.000,0,0,ok
13,1,Meñique — Distal,0,4,3022,0.000,0.000,0,0,ok
14,1,Meñique — Distal,0,5,3023,0.000,0.000,0,0,ok
15,1,Meñique — Distal,0,6,3024,0.000,0.000,0,0,ok
16,1,Meñique — Distal,0,7,3025,0.000,0.000,0,0,ok
17,1,Meñique — Distal,1,0,3026,0.000,0.000,0,0,ok
18,1,Meñique — Distal,1,1,3027,0.000,0.000,0,0,ok
19,1,Meñique — Distal,1,2,3028,0.000,0.000,0,0,ok
20,1,Meñique — Distal,1,3,3029,0.000,0.000,0,0,ok
21,1,Meñique — Distal,1,4,3030,0.000,0.000,0,0,ok
22,1,Meñique — Distal,1,5,3031,0.000,0.000,0,0,ok
23,1,Meñique — Distal,1,6,3032,0.000,0.000,0,0,ok
24,1,Meñique — Distal,1,7,3033,0.000,0.000,0,0,ok
25,1,Meñique — Distal,2,0,3034,0.000,0.000,0,0,ok
26,1,Meñique — Distal,2,1,3035,0.000,0.000,0,0,ok
27,1,Meñique — Distal,2,2,3036,0.000,0.000,0,0,ok
28,1,Meñique — Distal,2,3,3037,0.000,0.000,0,0,ok
29,1,Meñique — Distal,2,4,3038,0.000,0.000,0,0,ok
30,1,Meñique — Distal,2,5,3039,0.000,0.000,0,0,ok
31,1,Meñique — Distal,2,6,3040,0.000,0.000,0,0,ok
32,1,Meñique — Distal,2,7,3041,0.000,0.000,0,0,ok
33,1,Meñique — Distal,3,0,3042,0.000,0.000,0,0,ok
34,1,Meñique — Distal,3,1,3043,0.000,0.000,0,0,ok
35,1,Meñique — Distal,3,2,3044,0.000,0.000,0,0,ok
36,1,Meñique — Distal,3,3,3045,0.000,0.000,0,0,ok
37,1,Meñique — Distal,3,4,3046,0.000,0.000,0,0,ok
38,1,Meñique — Distal,3,5,3047,0.000,0.000,0,0,ok
39,1,Meñique — Distal,3,6,3048,0.000,0.000,0,0,ok
40,1,Meñique — Distal,3,7,3049,0.000,0.000,0,0,ok
41,1,Meñique — Distal,4,0,3050,0.000,0.000,0,0,ok
42,1,Meñique — Distal,4,1,3051,0.000,0.000,0,0,ok
43,1,Meñique — Distal,4,2,3052,0.000,0.000,0,0,ok
44,1,Meñique — Distal,4,3,3053,0.000,0.000,0,0,ok
45,1,Meñique — Distal,4,4,3054,0.000,0.000,0,0,ok
46,1,Meñique — Distal,4,5,3055,0.000,0.000,0,0,ok
47,1,Meñique — Distal,4,6,3056,0.000,0.000,0,0,ok
48,1,Meñique — Distal,4,7,3057,0.000,0.000,0,0,ok
49,1,Meñique — Distal,5,0,3058,0.000,0.000,0,0,ok
50,1,Meñique — Distal,5,1,3059,0.000,0.000,0,0,ok
51,1,Meñique — Distal,5,2,3060,0.000,0.000,0,0,ok
52,1,Meñique — Distal,5,3,3061,0.000,0.000,0,0,ok
53,1,Meñique — Distal,5,4,3062,0.000,0.000,0,0,ok
54,1,Meñique — Distal,5,5,3063,0.000,0.000,0,0,ok
55,1,Meñique — Distal,5,6,3064,0.000,0.000,0,0,ok
56,1,Meñique — Distal,5,7,3065,0.767,1.730,0,6,noisy
57,1,Meñique — Distal,6,0,3066,0.000,0.000,0,0,ok
58,1,Meñique — Distal,6,1,3067,0.000,0.000,0,0,ok
59,1,Meñique — Distal,6,2,3068,0.000,0.000,0,0,ok
60,1,Meñique — Distal,6,3,3069,0.000,0.000,0,0,ok
61,1,Meñique — Distal,6,4,3070,0.000,0.000,0,0,ok
62,1,Meñique — Distal,6,5,3071,0.000,0.000,0,0,ok
63,1,Meñique — Distal,6,6,3072,0.000,0.000,0,0,ok
64,1,Meñique — Distal,6,7,3073,0.000,0.000,0,0,ok
65,1,Meñique — Distal,7,0,3074,0.000,0.000,0,0,ok
66,1,Meñique — Distal,7,1,3075,0.000,0.000,0,0,ok
67,1,Meñique — Distal,7,2,3076,0.000,0.000,0,0,ok
68,1,Meñique — Distal,7,3,3077,0.000,0.000,0,0,ok
69,1,Meñique — Distal,7,4,3078,0.000,0.000,0,0,ok
70,1,Meñique — Distal,7,5,3079,0.000,0.000,0,0,ok
71,1,Meñique — Distal,7,6,3080,0.000,0.000,0,0,ok
72,1,Meñique — Distal,7,7,3081,0.000,0.000,0,0,ok
73,1,Meñique — Distal,8,0,3082,0.000,0.000,0,0,ok
74,1,Meñique — Distal,8,1,3083,0.000,0.000,0,0,ok
75,1,Meñique — Distal,8,2,3084,0.000,0.000,0,0,ok
76,1,Meñique — Distal,8,3,3085,0.000,0.000,0,0,ok
77,1,Meñique — Distal,8,4,3086,0.000,0.000,0,0,ok
78,1,Meñique — Distal,8,5,3087,0.000,0.000,0,0,ok
79,1,Meñique — Distal,8,6,3088,0.000,0.000,0,0,ok
80,1,Meñique — Distal,8,7,3089,0.000,0.000,0,0,ok
81,1,Meñique — Distal,9,0,3090,0.000,0.000,0,0,ok
82,1,Meñique — Distal,9,1,3091,0.000,0.000,0,0,ok
83,1,Meñique — Distal,9,2,3092,0.000,0.000,0,0,ok
84,1,Meñique — Distal,9,3,3093,0.000,0.000,0,0,ok
85,1,Meñique — Distal,9,4,3094,0.000,0.000,0,0,ok
86,1,Meñique — Distal,9,5,3095,0.000,0.000,0,0,ok
87,1,Meñique — Distal,9,6,3096,0.000,0.000,0,0,ok
88,1,Meñique — Distal,9,7,3097,16.417,0.985,13,19,noisy
89,1,Meñique — Distal,10,0,3098,0.000,0.000,0,0,ok
90,1,Meñique — Distal,10,1,3099,0.000,0.000,0,0,ok
91,1,Meñique — Distal,10,2,3100,0.000,0.000,0,0,ok
92,1,Meñique — Distal,10,3,3101,0.000,0.000,0,0,ok
93,1,Meñique — Distal,10,4,3102,0.000,0.000,0,0,ok
94,1,Meñique — Distal,10,5,3103,0.000,0.000,0,0,ok
95,1,Meñique — Distal,10,6,3104,0.000,0.000,0,0,ok
96,1,Meñique — Distal,10,7,3105,0.000,0.000,0,0,ok
97,1,Meñique — Distal,11,0,3106,0.000,0.000,0,0,ok
98,1,Meñique — Distal,11,1,3107,0.000,0.000,0,0,ok
99,1,Meñique — Distal,11,2,3108,0.000,0.000,0,0,ok
100,1,Meñique — Distal,11,3,3109,0.000,0.000,0,0,ok
101,1,Meñique — Distal,11,4,3110,0.000,0.000,0,0,ok
102,1,Meñique — Distal,11,5,3111,0.000,0.000,0,0,ok
103,1,Meñique — Distal,11,6,3112,6.310,2.203,0,11,noisy
104,1,Meñique — Distal,11,7,3113,0.000,0.000,0,0,stuck_low
105,2,Meñique — Palmar,0,0,3210,0.000,0.000,0,0,ok
106,2,Meñique — Palmar,0,1,3211,0.000,0.000,0,0,ok
107,2,Meñique — Palmar,0,2,3212,0.000,0.000,0,0,ok
108,2,Meñique — Palmar,0,3,3213,0.000,0.000,0,0,ok
109,2,Meñique — Palmar,0,4,3214,0.000,0.000,0,0,ok
110,2,Meñique — Palmar,0,5,3215,0.000,0.000,0,0,ok
111,2,Meñique — Palmar,0,6,3216,0.000,0.000,0,0,ok
112,2,Meñique — Palmar,0,7,3217,0.000,0.000,0,0,ok
113,2,Meñique — Palmar,1,0,3218,0.000,0.000,0,0,ok
114,2,Meñique — Palmar,1,1,3219,0.000,0.000,0,0,ok
115,2,Meñique — Palmar,1,2,3220,0.000,0.000,0,0,ok
116,2,Meñique — Palmar,1,3,3221,0.000,0.000,0,0,ok
117,2,Meñique — Palmar,1,4,3222,0.000,0.000,0,0,ok
118,2,Meñique — Palmar,1,5,3223,0.000,0.000,0,0,ok
119,2,Meñique — Palmar,1,6,3224,0.000,0.000,0,0,ok
120,2,Meñique — Palmar,1,7,3225,0.000,0.000,0,0,ok
121,2,Meñique — Palmar,2,0,3226,0.000,0.000,0,0,stuck_low
122,2,Meñique — Palmar,2,1,3227,0.000,0.000,0,0,ok
123,2,Meñique — Palmar,2,2,3228,0.000,0.000,0,0,ok
124,2,Meñique — Palmar,2,3,3229,0.000,0.000,0,0,ok
125,2,Meñique — Palmar,2,4,3230,0.000,0.000,0,0,ok
126,2,Meñique — Palmar,2,5,3231,0.000,0.000,0,0,ok
127,2,Meñique — Palmar,2,6,3232,0.000,0.000,0,0,ok
128,2,Meñique — Palmar,2,7,3233,0.000,0.000,0,0,ok
129,2,Meñique — Palmar,3,0,3234,0.000,0.000,0,0,ok
130,2,Meñique — Palmar,3,1,3235,0.000,0.000,0,0,ok
131,2,Meñique — Palmar,3,2,3236,0.000,0.000,0,0,ok
132,2,Meñique — Palmar,3,3,3237,0.000,0.000,0,0,ok
133,2,Meñique — Palmar,3,4,3238,0.000,0.000,0,0,ok
134,2,Meñique — Palmar,3,5,3239,0.000,0.000,0,0,ok
135,2,Meñique — Palmar,3,6,3240,0.000,0.000,0,0,ok
136,2,Meñique — Palmar,3,7,3241,0.000,0.000,0,0,ok
137,2,Meñique — Palmar,4,0,3242,0.077,0.494,0,5,noisy
138,2,Meñique — Palmar,4,1,3243,0.000,0.000,0,0,ok
139,2,Meñique — Palmar,4,2,3244,0.000,0.000,0,0,ok
140,2,Meñique — Palmar,4,3,3245,0.000,0.000,0,0,ok
141,2,Meñique — Palmar,4,4,3246,0.000,0.000,0,0,ok
142,2,Meñique — Palmar,4,5,3247,0.000,0.000,0,0,ok
143,2,Meñique — Palmar,4,6,3248,0.000,0.000,0,0,ok
144,2,Meñique — Palmar,4,7,3249,0.000,0.000,0,0,ok
145,2,Meñique — Palmar,5,0,3250,0.000,0.000,0,0,ok
146,2,Meñique — Palmar,5,1,3251,0.000,0.000,0,0,ok
147,2,Meñique — Palmar,5,2,3252,0.000,0.000,0,0,ok
148,2,Meñique — Palmar,5,3,3253,0.000,0.000,0,0,ok
149,2,Meñique — Palmar,5,4,3254,0.000,0.000,0,0,ok
150,2,Meñique — Palmar,5,5,3255,0.000,0.000,0,0,ok
151,2,Meñique — Palmar,5,6,3256,0.000,0.000,0,0,ok
152,2,Meñique — Palmar,5,7,3257,0.000,0.000,0,0,ok
153,2,Meñique — Palmar,6,0,3258,0.000,0.000,0,0,ok
154,2,Meñique — Palmar,6,1,3259,0.000,0.000,0,0,ok
155,2,Meñique — Palmar,6,2,3260,0.000,0.000,0,0,ok
156,2,Meñique — Palmar,6,3,3261,0.000,0.000,0,0,ok
157,2,Meñique — Palmar,6,4,3262,0.000,0.000,0,0,ok
158,2,Meñique — Palmar,6,5,3263,0.000,0.000,0,0,ok
159,2,Meñique — Palmar,6,6,3264,0.000,0.000,0,0,ok
160,2,Meñique — Palmar,6,7,3265,0.000,0.000,0,0,ok
161,2,Meñique — Palmar,7,0,3266,0.000,0.000,0,0,ok
162,2,Meñique — Palmar,7,1,3267,0.000,0.000,0,0,stuck_low
163,2,Meñique — Palmar,7,2,3268,0.000,0.000,0,0,ok
164,2,Meñique — Palmar,7,3,3269,0.000,0.000,0,0,ok
165,2,Meñique — Palmar,7,4,3270,0.000,0.000,0,0,ok
166,2,Meñique — Palmar,7,5,3271,0.000,0.000,0,0,ok
167,2,Meñique — Palmar,7,6,3272,0.000,0.000,0,0,ok
168,2,Meñique — Palmar,7,7,3273,28.223,1.631,23,32,noisy
169,2,Meñique — Palmar,8,0,3274,0.000,0.000,0,0,ok
170,2,Meñique — Palmar,8,1,3275,0.000,0.000,0,0,ok
171,2,Meñique — Palmar,8,2,3276,0.000,0.000,0,0,ok
172,2,Meñique — Palmar,8,3,3277,0.000,0.000,0,0,ok
173,2,Meñique — Palmar,8,4,3278,0.000,0.000,0,0,ok
174,2,Meñique — Palmar,8,5,3279,0.000,0.000,0,0,ok
175,2,Meñique — Palmar,8,6,3280,0.000,0.000,0,0,ok
176,2,Meñique — Palmar,8,7,3281,0.000,0.000,0,0,ok
177,2,Meñique — Palmar,9,0,3282,0.000,0.000,0,0,ok
178,2,Meñique — Palmar,9,1,3283,0.000,0.000,0,0,ok
179,2,Meñique — Palmar,9,2,3284,0.000,0.000,0,0,ok
180,2,Meñique — Palmar,9,3,3285,0.000,0.000,0,0,ok
181,2,Meñique — Palmar,9,4,3286,0.000,0.000,0,0,ok
182,2,Meñique — Palmar,9,5,3287,0.000,0.000,0,0,ok
183,2,Meñique — Palmar,9,6,3288,0.000,0.000,0,0,ok
184,2,Meñique — Palmar,9,7,3289,0.000,0.000,0,0,ok
185,3,Anular — Punta,0,0,3370,0.000,0.000,0,0,ok
186,3,Anular — Punta,0,1,3371,0.000,0.000,0,0,ok
187,3,Anular — Punta,0,2,3372,0.000,0.000,0,0,ok
188,3,Anular — Punta,1,0,3373,0.000,0.000,0,0,ok
189,3,Anular — Punta,1,1,3374,0.000,0.000,0,0,ok
190,3,Anular — Punta,1,2,3375,0.000,0.000,0,0,ok
191,3,Anular — Punta,2,0,3376,181.707,56.373,67,241,dead
192,3,Anular — Punta,2,1,3377,363.840,7.094,347,376,dead
193,3,Anular — Punta,2,2,3378,0.000,0.000,0,0,stuck_low
194,4,Anular — Distal,0,0,3388,0.000,0.000,0,0,ok
195,4,Anular — Distal,0,1,3389,0.000,0.000,0,0,ok
196,4,Anular — Distal,0,2,3390,0.000,0.000,0,0,ok
197,4,Anular — Distal,0,3,3391,0.000,0.000,0,0,ok
198,4,Anular — Distal,0,4,3392,0.000,0.000,0,0,ok
199,4,Anular — Distal,0,5,3393,0.000,0.000,0,0,ok
200,4,Anular — Distal,0,6,3394,0.000,0.000,0,0,ok
201,4,Anular — Distal,0,7,3395,0.000,0.000,0,0,ok
202,4,Anular — Distal,1,0,3396,0.000,0.000,0,0,ok
203,4,Anular — Distal,1,1,3397,0.000,0.000,0,0,ok
204,4,Anular — Distal,1,2,3398,0.000,0.000,0,0,ok
205,4,Anular — Distal,1,3,3399,0.000,0.000,0,0,ok
206,4,Anular — Distal,1,4,3400,0.000,0.000,0,0,ok
207,4,Anular — Distal,1,5,3401,0.000,0.000,0,0,ok
208,4,Anular — Distal,1,6,3402,0.000,0.000,0,0,ok
209,4,Anular — Distal,1,7,3403,0.000,0.000,0,0,ok
210,4,Anular — Distal,2,0,3404,0.000,0.000,0,0,ok
211,4,Anular — Distal,2,1,3405,0.000,0.000,0,0,ok
212,4,Anular — Distal,2,2,3406,0.000,0.000,0,0,ok
213,4,Anular — Distal,2,3,3407,0.000,0.000,0,0,ok
214,4,Anular — Distal,2,4,3408,0.000,0.000,0,0,ok
215,4,Anular — Distal,2,5,3409,0.000,0.000,0,0,ok
216,4,Anular — Distal,2,6,3410,0.000,0.000,0,0,ok
217,4,Anular — Distal,2,7,3411,6.220,1.022,4,8,noisy
218,4,Anular — Distal,3,0,3412,0.000,0.000,0,0,ok
219,4,Anular — Distal,3,1,3413,0.000,0.000,0,0,ok
220,4,Anular — Distal,3,2,3414,0.000,0.000,0,0,ok
221,4,Anular — Distal,3,3,3415,0.000,0.000,0,0,ok
222,4,Anular — Distal,3,4,3416,0.000,0.000,0,0,ok
223,4,Anular — Distal,3,5,3417,0.000,0.000,0,0,ok
224,4,Anular — Distal,3,6,3418,0.000,0.000,0,0,ok
225,4,Anular — Distal,3,7,3419,0.000,0.000,0,0,ok
226,4,Anular — Distal,4,0,3420,0.000,0.000,0,0,ok
227,4,Anular — Distal,4,1,3421,0.000,0.000,0,0,ok
228,4,Anular — Distal,4,2,3422,0.000,0.000,0,0,ok
229,4,Anular — Distal,4,3,3423,0.000,0.000,0,0,ok
230,4,Anular — Distal,4,4,3424,0.000,0.000,0,0,ok
231,4,Anular — Distal,4,5,3425,0.000,0.000,0,0,ok
232,4,Anular — Distal,4,6,3426,0.000,0.000,0,0,ok
233,4,Anular — Distal,4,7,3427,0.000,0.000,0,0,ok
234,4,Anular — Distal,5,0,3428,0.000,0.000,0,0,ok
235,4,Anular — Distal,5,1,3429,0.000,0.000,0,0,ok
236,4,Anular — Distal,5,2,3430,0.000,0.000,0,0,ok
237,4,Anular — Distal,5,3,3431,0.000,0.000,0,0,ok
238,4,Anular — Distal,5,4,3432,0.000,0.000,0,0,ok
239,4,Anular — Distal,5,5,3433,0.000,0.000,0,0,ok
240,4,Anular — Distal,5,6,3434,0.000,0.000,0,0,ok
241,4,Anular — Distal,5,7,3435,0.000,0.000,0,0,ok
242,4,Anular — Distal,6,0,3436,6.133,1.024,4,8,noisy
243,4,Anular — Distal,6,1,3437,0.000,0.000,0,0,ok
244,4,Anular — Distal,6,2,3438,0.000,0.000,0,0,ok
245,4,Anular — Distal,6,3,3439,0.000,0.000,0,0,ok
246,4,Anular — Distal,6,4,3440,0.000,0.000,0,0,ok
247,4,Anular — Distal,6,5,3441,0.000,0.000,0,0,ok
248,4,Anular — Distal,6,6,3442,0.000,0.000,0,0,ok
249,4,Anular — Distal,6,7,3443,0.000,0.000,0,0,ok
250,4,Anular — Distal,7,0,3444,0.000,0.000,0,0,ok
251,4,Anular — Distal,7,1,3445,0.000,0.000,0,0,ok
252,4,Anular — Distal,7,2,3446,0.000,0.000,0,0,ok
253,4,Anular — Distal,7,3,3447,0.000,0.000,0,0,ok
254,4,Anular — Distal,7,4,3448,0.000,0.000,0,0,ok
255,4,Anular — Distal,7,5,3449,0.000,0.000,0,0,ok
256,4,Anular — Distal,7,6,3450,0.000,0.000,0,0,ok
257,4,Anular — Distal,7,7,3451,0.000,0.000,0,0,ok
258,4,Anular — Distal,8,0,3452,0.000,0.000,0,0,stuck_low
259,4,Anular — Distal,8,1,3453,0.000,0.000,0,0,ok
260,4,Anular — Distal,8,2,3454,0.000,0.000,0,0,ok
261,4,Anular — Distal,8,3,3455,0.000,0.000,0,0,ok
262,4,Anular — Distal,8,4,3456,0.000,0.000,0,0,ok
263,4,Anular — Distal,8,5,3457,0.000,0.000,0,0,ok
264,4,Anular — Distal,8,6,3458,0.000,0.000,0,0,ok
265,4,Anular — Distal,8,7,3459,0.000,0.000,0,0,ok
266,4,Anular — Distal,9,0,3460,0.000,0.000,0,0,ok
267,4,Anular — Distal,9,1,3461,0.000,0.000,0,0,ok
268,4,Anular — Distal,9,2,3462,0.000,0.000,0,0,ok
269,4,Anular — Distal,9,3,3463,0.000,0.000,0,0,ok
270,4,Anular — Distal,9,4,3464,0.000,0.000,0,0,ok
271,4,Anular — Distal,9,5,3465,0.000,0.000,0,0,ok
272,4,Anular — Distal,9,6,3466,0.000,0.000,0,0,ok
273,4,Anular — Distal,9,7,3467,0.000,0.000,0,0,ok
274,4,Anular — Distal,10,0,3468,21.453,4.661,12,31,noisy
275,4,Anular — Distal,10,1,3469,0.000,0.000,0,0,ok
276,4,Anular — Distal,10,2,3470,0.000,0.000,0,0,ok
277,4,Anular — Distal,10,3,3471,0.000,0.000,0,0,ok
278,4,Anular — Distal,10,4,3472,0.000,0.000,0,0,ok
279,4,Anular — Distal,10,5,3473,0.000,0.000,0,0,ok
280,4,Anular — Distal,10,6,3474,14.117,0.810,12,16,noisy
281,4,Anular — Distal,10,7,3475,0.000,0.000,0,0,ok
282,4,Anular — Distal,11,0,3476,0.000,0.000,0,0,stuck_low
283,4,Anular — Distal,11,1,3477,0.000,0.000,0,0,ok
284,4,Anular — Distal,11,2,3478,0.000,0.000,0,0,ok
285,4,Anular — Distal,11,3,3479,0.000,0.000,0,0,stuck_low
286,4,Anular — Distal,11,4,3480,0.000,0.000,0,0,ok
287,4,Anular — Distal,11,5,3481,0.000,0.000,0,0,ok
288,4,Anular — Distal,11,6,3482,0.000,0.000,0,0,stuck_low
289,4,Anular — Distal,11,7,3483,0.000,0.000,0,0,ok
290,5,Anular — Palmar,0,0,3580,0.000,0.000,0,0,ok
291,5,Anular — Palmar,0,1,3581,0.000,0.000,0,0,ok
292,5,Anular — Palmar,0,2,3582,0.000,0.000,0,0,ok
293,5,Anular — Palmar,0,3,3583,0.000,0.000,0,0,ok
294,5,Anular — Palmar,0,4,3584,0.000,0.000,0,0,ok
295,5,Anular — Palmar,0,5,3585,0.000,0.000,0,0,ok
296,5,Anular — Palmar,0,6,3586,0.000,0.000,0,0,ok
297,5,Anular — Palmar,0,7,3587,0.000,0.000,0,0,ok
298,5,Anular — Palmar,1,0,3588,0.000,0.000,0,0,ok
299,5,Anular — Palmar,1,1,3589,0.000,0.000,0,0,ok
300,5,Anular — Palmar,1,2,3590,0.000,0.000,0,0,ok
301,5,Anular — Palmar,1,3,3591,0.000,0.000,0,0,ok
302,5,Anular — Palmar,1,4,3592,0.000,0.000,0,0,ok
303,5,Anular — Palmar,1,5,3593,0.000,0.000,0,0,ok
304,5,Anular — Palmar,1,6,3594,0.000,0.000,0,0,ok
305,5,Anular — Palmar,1,7,3595,0.000,0.000,0,0,ok
306,5,Anular — Palmar,2,0,3596,0.000,0.000,0,0,ok
307,5,Anular — Palmar,2,1,3597,0.000,0.000,0,0,ok
308,5,Anular — Palmar,2,2,3598,0.000,0.000,0,0,ok
309,5,Anular — Palmar,2,3,3599,0.000,0.000,0,0,ok
310,5,Anular — Palmar,2,4,3600,0.003,0.058,0,1,noisy
311,5,Anular — Palmar,2,5,3601,0.000,0.000,0,0,ok
312,5,Anular — Palmar,2,6,3602,0.000,0.000,0,0,ok
313,5,Anular — Palmar,2,7,3603,0.000,0.000,0,0,ok
314,5,Anular — Palmar,3,0,3604,0.000,0.000,0,0,ok
315,5,Anular — Palmar,3,1,3605,0.000,0.000,0,0,ok
316,5,Anular — Palmar,3,2,3606,0.000,0.000,0,0,ok
317,5,Anular — Palmar,3,3,3607,0.000,0.000,0,0,ok
318,5,Anular — Palmar,3,4,3608,0.000,0.000,0,0,ok
319,5,Anular — Palmar,3,5,3609,0.000,0.000,0,0,ok
320,5,Anular — Palmar,3,6,3610,0.000,0.000,0,0,ok
321,5,Anular — Palmar,3,7,3611,0.000,0.000,0,0,ok
322,5,Anular — Palmar,4,0,3612,0.000,0.000,0,0,ok
323,5,Anular — Palmar,4,1,3613,0.000,0.000,0,0,ok
324,5,Anular — Palmar,4,2,3614,0.000,0.000,0,0,ok
325,5,Anular — Palmar,4,3,3615,0.000,0.000,0,0,ok
326,5,Anular — Palmar,4,4,3616,0.000,0.000,0,0,ok
327,5,Anular — Palmar,4,5,3617,0.000,0.000,0,0,ok
328,5,Anular — Palmar,4,6,3618,0.000,0.000,0,0,ok
329,5,Anular — Palmar,4,7,3619,0.000,0.000,0,0,ok
330,5,Anular — Palmar,5,0,3620,0.057,0.283,0,2,noisy
331,5,Anular — Palmar,5,1,3621,0.000,0.000,0,0,ok
332,5,Anular — Palmar,5,2,3622,0.000,0.000,0,0,ok
333,5,Anular — Palmar,5,3,3623,0.000,0.000,0,0,ok
334,5,Anular — Palmar,5,4,3624,0.000,0.000,0,0,ok
335,5,Anular — Palmar,5,5,3625,0.000,0.000,0,0,ok
336,5,Anular — Palmar,5,6,3626,0.000,0.000,0,0,ok
337,5,Anular — Palmar,5,7,3627,0.000,0.000,0,0,ok
338,5,Anular — Palmar,6,0,3628,0.000,0.000,0,0,ok
339,5,Anular — Palmar,6,1,3629,0.000,0.000,0,0,ok
340,5,Anular — Palmar,6,2,3630,0.000,0.000,0,0,ok
341,5,Anular — Palmar,6,3,3631,0.000,0.000,0,0,ok
342,5,Anular — Palmar,6,4,3632,0.000,0.000,0,0,ok
343,5,Anular — Palmar,6,5,3633,0.000,0.000,0,0,ok
344,5,Anular — Palmar,6,6,3634,0.000,0.000,0,0,ok
345,5,Anular — Palmar,6,7,3635,0.000,0.000,0,0,ok
346,5,Anular — Palmar,7,0,3636,0.000,0.000,0,0,ok
347,5,Anular — Palmar,7,1,3637,0.000,0.000,0,0,ok
348,5,Anular — Palmar,7,2,3638,0.000,0.000,0,0,ok
349,5,Anular — Palmar,7,3,3639,0.000,0.000,0,0,ok
350,5,Anular — Palmar,7,4,3640,0.010,0.129,0,2,noisy
351,5,Anular — Palmar,7,5,3641,0.000,0.000,0,0,ok
352,5,Anular — Palmar,7,6,3642,0.000,0.000,0,0,ok
353,5,Anular — Palmar,7,7,3643,0.593,1.717,0,8,noisy
354,5,Anular — Palmar,8,0,3644,0.000,0.000,0,0,ok
355,5,Anular — Palmar,8,1,3645,0.000,0.000,0,0,ok
356,5,Anular — Palmar,8,2,3646,0.000,0.000,0,0,ok
357,5,Anular — Palmar,8,3,3647,0.000,0.000,0,0,ok
358,5,Anular — Palmar,8,4,3648,0.000,0.000,0,0,ok
359,5,Anular — Palmar,8,5,3649,0.000,0.000,0,0,ok
360,5,Anular — Palmar,8,6,3650,0.000,0.000,0,0,ok
361,5,Anular — Palmar,8,7,3651,0.000,0.000,0,0,ok
362,5,Anular — Palmar,9,0,3652,0.000,0.000,0,0,ok
363,5,Anular — Palmar,9,1,3653,0.000,0.000,0,0,ok
364,5,Anular — Palmar,9,2,3654,0.000,0.000,0,0,ok
365,5,Anular — Palmar,9,3,3655,0.000,0.000,0,0,ok
366,5,Anular — Palmar,9,4,3656,0.000,0.000,0,0,ok
367,5,Anular — Palmar,9,5,3657,0.000,0.000,0,0,ok
368,5,Anular — Palmar,9,6,3658,0.000,0.000,0,0,ok
369,5,Anular — Palmar,9,7,3659,0.000,0.000,0,0,ok
370,6,Medio — Punta,0,0,3740,0.000,0.000,0,0,unknown
371,6,Medio — Punta,0,1,3741,0.000,0.000,0,0,unknown
372,6,Medio — Punta,0,2,3742,0.000,0.000,0,0,unknown
373,6,Medio — Punta,1,0,3743,0.000,0.000,0,0,unknown
374,6,Medio — Punta,1,1,3744,0.000,0.000,0,0,unknown
375,6,Medio — Punta,1,2,3745,0.000,0.000,0,0,unknown
376,6,Medio — Punta,2,0,3746,0.000,0.000,0,0,unknown
377,6,Medio — Punta,2,1,3747,0.000,0.000,0,0,unknown
378,6,Medio — Punta,2,2,3748,0.000,0.000,0,0,unknown
379,7,Medio — Distal,0,0,3758,0.000,0.000,0,0,ok
380,7,Medio — Distal,0,1,3759,0.000,0.000,0,0,stuck_low
381,7,Medio — Distal,0,2,3760,0.000,0.000,0,0,stuck_low
382,7,Medio — Distal,0,3,3761,0.000,0.000,0,0,stuck_low
383,7,Medio — Distal,0,4,3762,0.000,0.000,0,0,ok
384,7,Medio — Distal,0,5,3763,0.000,0.000,0,0,stuck_low
385,7,Medio — Distal,0,6,3764,0.000,0.000,0,0,stuck_low
386,7,Medio — Distal,0,7,3765,0.000,0.000,0,0,stuck_low
387,7,Medio — Distal,1,0,3766,0.000,0.000,0,0,ok
388,7,Medio — Distal,1,1,3767,0.000,0.000,0,0,ok
389,7,Medio — Distal,1,2,3768,0.000,0.000,0,0,ok
390,7,Medio — Distal,1,3,3769,0.000,0.000,0,0,ok
391,7,Medio — Distal,1,4,3770,0.000,0.000,0,0,ok
392,7,Medio — Distal,1,5,3771,0.000,0.000,0,0,ok
393,7,Medio — Distal,1,6,3772,0.000,0.000,0,0,ok
394,7,Medio — Distal,1,7,3773,0.000,0.000,0,0,ok
395,7,Medio — Distal,2,0,3774,0.000,0.000,0,0,ok
396,7,Medio — Distal,2,1,3775,0.000,0.000,0,0,ok
397,7,Medio — Distal,2,2,3776,0.000,0.000,0,0,ok
398,7,Medio — Distal,2,3,3777,0.000,0.000,0,0,ok
399,7,Medio — Distal,2,4,3778,0.000,0.000,0,0,ok
400,7,Medio — Distal,2,5,3779,0.000,0.000,0,0,ok
401,7,Medio — Distal,2,6,3780,0.000,0.000,0,0,ok
402,7,Medio — Distal,2,7,3781,0.000,0.000,0,0,ok
403,7,Medio — Distal,3,0,3782,0.000,0.000,0,0,stuck_low
404,7,Medio — Distal,3,1,3783,0.000,0.000,0,0,stuck_low
405,7,Medio — Distal,3,2,3784,0.000,0.000,0,0,stuck_low
406,7,Medio — Distal,3,3,3785,0.000,0.000,0,0,stuck_low
407,7,Medio — Distal,3,4,3786,0.000,0.000,0,0,ok
408,7,Medio — Distal,3,5,3787,0.000,0.000,0,0,stuck_low
409,7,Medio — Distal,3,6,3788,0.000,0.000,0,0,stuck_low
410,7,Medio — Distal,3,7,3789,0.000,0.000,0,0,stuck_low
411,7,Medio — Distal,4,0,3790,0.000,0.000,0,0,ok
412,7,Medio — Distal,4,1,3791,0.000,0.000,0,0,ok
413,7,Medio — Distal,4,2,3792,0.000,0.000,0,0,ok
414,7,Medio — Distal,4,3,3793,0.000,0.000,0,0,ok
415,7,Medio — Distal,4,4,3794,0.000,0.000,0,0,ok
416,7,Medio — Distal,4,5,3795,0.000,0.000,0,0,ok
417,7,Medio — Distal,4,6,3796,0.000,0.000,0,0,ok
418,7,Medio — Distal,4,7,3797,0.000,0.000,0,0,ok
419,7,Medio — Distal,5,0,3798,0.000,0.000,0,0,ok
420,7,Medio — Distal,5,1,3799,0.000,0.000,0,0,stuck_low
421,7,Medio — Distal,5,2,3800,0.000,0.000,0,0,stuck_low
422,7,Medio — Distal,5,3,3801,0.000,0.000,0,0,ok
423,7,Medio — Distal,5,4,3802,0.000,0.000,0,0,ok
424,7,Medio — Distal,5,5,3803,0.000,0.000,0,0,stuck_low
425,7,Medio — Distal,5,6,3804,0.000,0.000,0,0,ok
426,7,Medio — Distal,5,7,3805,0.000,0.000,0,0,ok
427,7,Medio — Distal,6,0,3806,0.000,0.000,0,0,ok
428,7,Medio — Distal,6,1,3807,0.000,0.000,0,0,ok
429,7,Medio — Distal,6,2,3808,0.000,0.000,0,0,ok
430,7,Medio — Distal,6,3,3809,0.000,0.000,0,0,ok
431,7,Medio — Distal,6,4,3810,0.000,0.000,0,0,ok
432,7,Medio — Distal,6,5,3811,0.000,0.000,0,0,ok
433,7,Medio — Distal,6,6,3812,0.000,0.000,0,0,ok
434,7,Medio — Distal,6,7,3813,0.000,0.000,0,0,ok
435,7,Medio — Distal,7,0,3814,0.000,0.000,0,0,ok
436,7,Medio — Distal,7,1,3815,0.000,0.000,0,0,ok
437,7,Medio — Distal,7,2,3816,0.000,0.000,0,0,ok
438,7,Medio — Distal,7,3,3817,0.000,0.000,0,0,ok
439,7,Medio — Distal,7,4,3818,0.000,0.000,0,0,ok
440,7,Medio — Distal,7,5,3819,0.000,0.000,0,0,ok
441,7,Medio — Distal,7,6,3820,0.000,0.000,0,0,ok
442,7,Medio — Distal,7,7,3821,0.000,0.000,0,0,ok
443,7,Medio — Distal,8,0,3822,0.000,0.000,0,0,ok
444,7,Medio — Distal,8,1,3823,0.000,0.000,0,0,ok
445,7,Medio — Distal,8,2,3824,0.000,0.000,0,0,ok
446,7,Medio — Distal,8,3,3825,0.000,0.000,0,0,ok
447,7,Medio — Distal,8,4,3826,0.000,0.000,0,0,ok
448,7,Medio — Distal,8,5,3827,0.000,0.000,0,0,ok
449,7,Medio — Distal,8,6,3828,0.000,0.000,0,0,ok
450,7,Medio — Distal,8,7,3829,0.000,0.000,0,0,ok
451,7,Medio — Distal,9,0,3830,0.000,0.000,0,0,ok
452,7,Medio — Distal,9,1,3831,0.000,0.000,0,0,ok
453,7,Medio — Distal,9,2,3832,0.000,0.000,0,0,ok
454,7,Medio — Distal,9,3,3833,0.000,0.000,0,0,ok
455,7,Medio — Distal,9,4,3834,0.000,0.000,0,0,ok
456,7,Medio — Distal,9,5,3835,0.000,0.000,0,0,ok
457,7,Medio — Distal,9,6,3836,0.000,0.000,0,0,ok
458,7,Medio — Distal,9,7,3837,0.000,0.000,0,0,ok
459,7,Medio — Distal,10,0,3838,0.000,0.000,0,0,ok
460,7,Medio — Distal,10,1,3839,0.000,0.000,0,0,ok
461,7,Medio — Distal,10,2,3840,0.000,0.000,0,0,ok
462,7,Medio — Distal,10,3,3841,0.000,0.000,0,0,ok
463,7,Medio — Distal,10,4,3842,0.000,0.000,0,0,ok
464,7,Medio — Distal,10,5,3843,0.000,0.000,0,0,ok
465,7,Medio — Distal,10,6,3844,0.000,0.000,0,0,ok
466,7,Medio — Distal,10,7,3845,0.000,0.000,0,0,ok
467,7,Medio — Distal,11,0,3846,0.000,0.000,0,0,ok
468,7,Medio — Distal,11,1,3847,0.000,0.000,0,0,ok
469,7,Medio — Distal,11,2,3848,0.000,0.000,0,0,ok
470,7,Medio — Distal,11,3,3849,0.000,0.000,0,0,ok
471,7,Medio — Distal,11,4,3850,0.000,0.000,0,0,ok
472,7,Medio — Distal,11,5,3851,0.000,0.000,0,0,ok
473,7,Medio — Distal,11,6,3852,0.000,0.000,0,0,ok
474,7,Medio — Distal,11,7,3853,0.000,0.000,0,0,stuck_low
475,8,Medio — Palmar,0,0,3950,0.000,0.000,0,0,ok
476,8,Medio — Palmar,0,1,3951,0.000,0.000,0,0,ok
477,8,Medio — Palmar,0,2,3952,0.000,0.000,0,0,stuck_low
478,8,Medio — Palmar,0,3,3953,0.000,0.000,0,0,ok
479,8,Medio — Palmar,0,4,3954,0.000,0.000,0,0,ok
480,8,Medio — Palmar,0,5,3955,0.000,0.000,0,0,stuck_low
481,8,Medio — Palmar,0,6,3956,0.000,0.000,0,0,ok
482,8,Medio — Palmar,0,7,3957,0.000,0.000,0,0,ok
483,8,Medio — Palmar,1,0,3958,0.000,0.000,0,0,ok
484,8,Medio — Palmar,1,1,3959,0.000,0.000,0,0,ok
485,8,Medio — Palmar,1,2,3960,0.000,0.000,0,0,stuck_low
486,8,Medio — Palmar,1,3,3961,0.000,0.000,0,0,ok
487,8,Medio — Palmar,1,4,3962,0.000,0.000,0,0,ok
488,8,Medio — Palmar,1,5,3963,0.000,0.000,0,0,ok
489,8,Medio — Palmar,1,6,3964,0.000,0.000,0,0,ok
490,8,Medio — Palmar,1,7,3965,10.767,0.959,9,15,noisy
491,8,Medio — Palmar,2,0,3966,0.153,0.781,0,6,noisy
492,8,Medio — Palmar,2,1,3967,0.000,0.000,0,0,ok
493,8,Medio — Palmar,2,2,3968,0.000,0.000,0,0,ok
494,8,Medio — Palmar,2,3,3969,0.000,0.000,0,0,ok
495,8,Medio — Palmar,2,4,3970,0.000,0.000,0,0,ok
496,8,Medio — Palmar,2,5,3971,0.000,0.000,0,0,ok
497,8,Medio — Palmar,2,6,3972,0.000,0.000,0,0,ok
498,8,Medio — Palmar,2,7,3973,0.317,0.690,0,4,noisy
499,8,Medio — Palmar,3,0,3974,0.000,0.000,0,0,ok
500,8,Medio — Palmar,3,1,3975,0.000,0.000,0,0,ok
501,8,Medio — Palmar,3,2,3976,0.000,0.000,0,0,ok
502,8,Medio — Palmar,3,3,3977,0.000,0.000,0,0,ok
503,8,Medio — Palmar,3,4,3978,0.000,0.000,0,0,ok
504,8,Medio — Palmar,3,5,3979,2.450,2.922,0,8,noisy
505,8,Medio — Palmar,3,6,3980,0.000,0.000,0,0,ok
506,8,Medio — Palmar,3,7,3981,19.643,2.870,6,23,noisy
507,8,Medio — Palmar,4,0,3982,0.000,0.000,0,0,ok
508,8,Medio — Palmar,4,1,3983,0.000,0.000,0,0,ok
509,8,Medio — Palmar,4,2,3984,0.000,0.000,0,0,ok
510,8,Medio — Palmar,4,3,3985,0.000,0.000,0,0,ok
511,8,Medio — Palmar,4,4,3986,0.000,0.000,0,0,ok
512,8,Medio — Palmar,4,5,3987,6.960,5.465,0,16,noisy
513,8,Medio — Palmar,4,6,3988,0.000,0.000,0,0,ok
514,8,Medio — Palmar,4,7,3989,0.000,0.000,0,0,ok
515,8,Medio — Palmar,5,0,3990,5.633,6.418,0,18,noisy
516,8,Medio — Palmar,5,1,3991,0.000,0.000,0,0,ok
517,8,Medio — Palmar,5,2,3992,0.000,0.000,0,0,ok
518,8,Medio — Palmar,5,3,3993,0.000,0.000,0,0,ok
519,8,Medio — Palmar,5,4,3994,0.000,0.000,0,0,ok
520,8,Medio — Palmar,5,5,3995,0.000,0.000,0,0,ok
521,8,Medio — Palmar,5,6,3996,0.000,0.000,0,0,ok
522,8,Medio — Palmar,5,7,3997,0.000,0.000,0,0,ok
523,8,Medio — Palmar,6,0,3998,10.560,10.058,0,43,noisy
524,8,Medio — Palmar,6,1,3999,0.000,0.000,0,0,ok
525,8,Medio — Palmar,6,2,4000,0.000,0.000,0,0,ok
526,8,Medio — Palmar,6,3,4001,0.000,0.000,0,0,ok
527,8,Medio — Palmar,6,4,4002,0.000,0.000,0,0,ok
528,8,Medio — Palmar,6,5,4003,0.000,0.000,0,0,ok
529,8,Medio — Palmar,6,6,4004,0.000,0.000,0,0,ok
530,8,Medio — Palmar,6,7,4005,0.000,0.000,0,0,ok
531,8,Medio — Palmar,7,0,4006,9.193,7.531,0,25,noisy
532,8,Medio — Palmar,7,1,4007,0.000,0.000,0,0,ok
533,8,Medio — Palmar,7,2,4008,0.000,0.000,0,0,ok
534,8,Medio — Palmar,7,3,4009,0.000,0.000,0,0,ok
535,8,Medio — Palmar,7,4,4010,0.000,0.000,0,0,ok
536,8,Medio — Palmar,7,5,4011,0.000,0.000,0,0,ok
537,8,Medio — Palmar,7,6,4012,0.000,0.000,0,0,ok
538,8,Medio — Palmar,7,7,4013,0.000,0.000,0,0,ok
539,8,Medio — Palmar,8,0,4014,0.000,0.000,0,0,ok
540,8,Medio — Palmar,8,1,4015,0.000,0.000,0,0,ok
541,8,Medio — Palmar,8,2,4016,0.000,0.000,0,0,ok
542,8,Medio — Palmar,8,3,4017,0.000,0.000,0,0,ok
543,8,Medio — Palmar,8,4,4018,0.000,0.000,0,0,ok
544,8,Medio — Palmar,8,5,4019,0.000,0.000,0,0,ok
545,8,Medio — Palmar,8,6,4020,0.000,0.000,0,0,ok
546,8,Medio — Palmar,8,7,4021,0.000,0.000,0,0,ok
547,8,Medio — Palmar,9,0,4022,0.000,0.000,0,0,ok
548,8,Medio — Palmar,9,1,4023,0.000,0.000,0,0,ok
549,8,Medio — Palmar,9,2,4024,0.000,0.000,0,0,ok
550,8,Medio — Palmar,9,3,4025,0.000,0.000,0,0,ok
551,8,Medio — Palmar,9,4,4026,0.000,0.000,0,0,ok
552,8,Medio — Palmar,9,5,4027,0.000,0.000,0,0,ok
553,8,Medio — Palmar,9,6,4028,0.000,0.000,0,0,ok
554,8,Medio — Palmar,9,7,4029,0.000,0.000,0,0,ok
555,9,Índice — Punta,0,0,4110,0.000,0.000,0,0,ok
556,9,Índice — Punta,0,1,4111,0.000,0.000,0,0,ok
557,9,Índice — Punta,0,2,4112,0.000,0.000,0,0,ok
558,9,Índice — Punta,1,0,4113,0.000,0.000,0,0,ok
559,9,Índice — Punta,1,1,4114,0.000,0.000,0,0,ok
560,9,Índice — Punta,1,2,4115,0.000,0.000,0,0,ok
561,9,Índice — Punta,2,0,4116,0.000,0.000,0,0,ok
562,9,Índice — Punta,2,1,4117,0.000,0.000,0,0,ok
563,9,Índice — Punta,2,2,4118,16.313,14.187,0,35,noisy
564,10,Índice — Distal,0,0,4128,0.000,0.000,0,0,ok
565,10,Índice — Distal,0,1,4129,0.000,0.000,0,0,stuck_low
566,10,Índice — Distal,0,2,4130,0.000,0.000,0,0,stuck_low
567,10,Índice — Distal,0,3,4131,0.000,0.000,0,0,ok
568,10,Índice — Distal,0,4,4132,0.000,0.000,0,0,stuck_low
569,10,Índice — Distal,0,5,4133,0.000,0.000,0,0,stuck_low
570,10,Índice — Distal,0,6,4134,0.000,0.000,0,0,stuck_low
571,10,Índice — Distal,0,7,4135,0.000,0.000,0,0,stuck_low
572,10,Índice — Distal,1,0,4136,0.000,0.000,0,0,ok
573,10,Índice — Distal,1,1,4137,0.000,0.000,0,0,ok
574,10,Índice — Distal,1,2,4138,0.000,0.000,0,0,ok
575,10,Índice — Distal,1,3,4139,0.000,0.000,0,0,ok
576,10,Índice — Distal,1,4,4140,0.000,0.000,0,0,ok
577,10,Índice — Distal,1,5,4141,0.000,0.000,0,0,ok
578,10,Índice — Distal,1,6,4142,0.000,0.000,0,0,stuck_low
579,10,Índice — Distal,1,7,4143,1.267,1.660,0,6,noisy
580,10,Índice — Distal,2,0,4144,0.000,0.000,0,0,stuck_low
581,10,Índice — Distal,2,1,4145,0.000,0.000,0,0,ok
582,10,Índice — Distal,2,2,4146,0.000,0.000,0,0,ok
583,10,Índice — Distal,2,3,4147,0.000,0.000,0,0,ok
584,10,Índice — Distal,2,4,4148,0.000,0.000,0,0,ok
585,10,Índice — Distal,2,5,4149,0.000,0.000,0,0,ok
586,10,Índice — Distal,2,6,4150,0.000,0.000,0,0,stuck_low
587,10,Índice — Distal,2,7,4151,0.000,0.000,0,0,ok
588,10,Índice — Distal,3,0,4152,0.000,0.000,0,0,ok
589,10,Índice — Distal,3,1,4153,0.000,0.000,0,0,ok
590,10,Índice — Distal,3,2,4154,0.000,0.000,0,0,ok
591,10,Índice — Distal,3,3,4155,0.000,0.000,0,0,ok
592,10,Índice — Distal,3,4,4156,0.000,0.000,0,0,ok
593,10,Índice — Distal,3,5,4157,0.000,0.000,0,0,ok
594,10,Índice — Distal,3,6,4158,0.000,0.000,0,0,ok
595,10,Índice — Distal,3,7,4159,0.030,0.171,0,1,noisy
596,10,Índice — Distal,4,0,4160,0.000,0.000,0,0,ok
597,10,Índice — Distal,4,1,4161,0.000,0.000,0,0,ok
598,10,Índice — Distal,4,2,4162,0.000,0.000,0,0,ok
599,10,Índice — Distal,4,3,4163,0.000,0.000,0,0,ok
600,10,Índice — Distal,4,4,4164,0.000,0.000,0,0,ok
601,10,Índice — Distal,4,5,4165,0.000,0.000,0,0,ok
602,10,Índice — Distal,4,6,4166,0.000,0.000,0,0,ok
603,10,Índice — Distal,4,7,4167,0.000,0.000,0,0,ok
604,10,Índice — Distal,5,0,4168,0.000,0.000,0,0,ok
605,10,Índice — Distal,5,1,4169,0.000,0.000,0,0,ok
606,10,Índice — Distal,5,2,4170,0.000,0.000,0,0,ok
607,10,Índice — Distal,5,3,4171,0.000,0.000,0,0,ok
608,10,Índice — Distal,5,4,4172,0.000,0.000,0,0,ok
609,10,Índice — Distal,5,5,4173,0.000,0.000,0,0,ok
610,10,Índice — Distal,5,6,4174,0.000,0.000,0,0,ok
611,10,Índice — Distal,5,7,4175,0.000,0.000,0,0,ok
612,10,Índice — Distal,6,0,4176,0.000,0.000,0,0,ok
613,10,Índice — Distal,6,1,4177,0.000,0.000,0,0,ok
614,10,Índice — Distal,6,2,4178,0.000,0.000,0,0,ok
615,10,Índice — Distal,6,3,4179,0.000,0.000,0,0,ok
616,10,Índice — Distal,6,4,4180,0.000,0.000,0,0,ok
617,10,Índice — Distal,6,5,4181,0.000,0.000,0,0,ok
618,10,Índice — Distal,6,6,4182,0.000,0.000,0,0,ok
619,10,Índice — Distal,6,7,4183,0.000,0.000,0,0,ok
620,10,Índice — Distal,7,0,4184,0.000,0.000,0,0,ok
621,10,Índice — Distal,7,1,4185,0.000,0.000,0,0,ok
622,10,Índice — Distal,7,2,4186,0.000,0.000,0,0,ok
623,10,Índice — Distal,7,3,4187,0.000,0.000,0,0,ok
624,10,Índice — Distal,7,4,4188,0.000,0.000,0,0,ok
625,10,Índice — Distal,7,5,4189,0.000,0.000,0,0,ok
626,10,Índice — Distal,7,6,4190,0.000,0.000,0,0,ok
627,10,Índice — Distal,7,7,4191,0.000,0.000,0,0,ok
628,10,Índice — Distal,8,0,4192,0.000,0.000,0,0,ok
629,10,Índice — Distal,8,1,4193,0.000,0.000,0,0,ok
630,10,Índice — Distal,8,2,4194,0.000,0.000,0,0,ok
631,10,Índice — Distal,8,3,4195,0.000,0.000,0,0,ok
632,10,Índice — Distal,8,4,4196,0.000,0.000,0,0,ok
633,10,Índice — Distal,8,5,4197,0.000,0.000,0,0,ok
634,10,Índice — Distal,8,6,4198,0.000,0.000,0,0,ok
635,10,Índice — Distal,8,7,4199,0.000,0.000,0,0,ok
636,10,Índice — Distal,9,0,4200,0.000,0.000,0,0,ok
637,10,Índice — Distal,9,1,4201,0.000,0.000,0,0,ok
638,10,Índice — Distal,9,2,4202,0.000,0.000,0,0,ok
639,10,Índice — Distal,9,3,4203,0.000,0.000,0,0,ok
640,10,Índice — Distal,9,4,4204,0.000,0.000,0,0,ok
641,10,Índice — Distal,9,5,4205,0.000,0.000,0,0,ok
642,10,Índice — Distal,9,6,4206,0.000,0.000,0,0,ok
643,10,Índice — Distal,9,7,4207,0.000,0.000,0,0,ok
644,10,Índice — Distal,10,0,4208,0.000,0.000,0,0,ok
645,10,Índice — Distal,10,1,4209,6.587,1.141,2,9,noisy
646,10,Índice — Distal,10,2,4210,0.000,0.000,0,0,ok
647,10,Índice — Distal,10,3,4211,0.000,0.000,0,0,ok
648,10,Índice — Distal,10,4,4212,0.000,0.000,0,0,ok
649,10,Índice — Distal,10,5,4213,0.000,0.000,0,0,ok
650,10,Índice — Distal,10,6,4214,0.000,0.000,0,0,ok
651,10,Índice — Distal,10,7,4215,0.000,0.000,0,0,ok
652,10,Índice — Distal,11,0,4216,0.000,0.000,0,0,ok
653,10,Índice — Distal,11,1,4217,0.000,0.000,0,0,ok
654,10,Índice — Distal,11,2,4218,0.000,0.000,0,0,ok
655,10,Índice — Distal,11,3,4219,0.000,0.000,0,0,ok
656,10,Índice — Distal,11,4,4220,0.000,0.000,0,0,ok
657,10,Índice — Distal,11,5,4221,0.000,0.000,0,0,ok
658,10,Índice — Distal,11,6,4222,0.000,0.000,0,0,stuck_low
659,10,Índice — Distal,11,7,4223,0.000,0.000,0,0,ok
660,11,Índice — Palmar,0,0,4320,0.000,0.000,0,0,stuck_low
661,11,Índice — Palmar,0,1,4321,0.000,0.000,0,0,stuck_low
662,11,Índice — Palmar,0,2,4322,0.000,0.000,0,0,stuck_low
663,11,Índice — Palmar,0,3,4323,0.000,0.000,0,0,stuck_low
664,11,Índice — Palmar,0,4,4324,0.000,0.000,0,0,stuck_low
665,11,Índice — Palmar,0,5,4325,0.000,0.000,0,0,stuck_low
666,11,Índice — Palmar,0,6,4326,0.000,0.000,0,0,stuck_low
667,11,Índice — Palmar,0,7,4327,0.000,0.000,0,0,stuck_low
668,11,Índice — Palmar,1,0,4328,0.000,0.000,0,0,ok
669,11,Índice — Palmar,1,1,4329,0.000,0.000,0,0,ok
670,11,Índice — Palmar,1,2,4330,0.000,0.000,0,0,ok
671,11,Índice — Palmar,1,3,4331,0.000,0.000,0,0,ok
672,11,Índice — Palmar,1,4,4332,0.000,0.000,0,0,ok
673,11,Índice — Palmar,1,5,4333,0.000,0.000,0,0,stuck_low
674,11,Índice — Palmar,1,6,4334,0.000,0.000,0,0,ok
675,11,Índice — Palmar,1,7,4335,0.000,0.000,0,0,stuck_low
676,11,Índice — Palmar,2,0,4336,0.000,0.000,0,0,ok
677,11,Índice — Palmar,2,1,4337,0.000,0.000,0,0,ok
678,11,Índice — Palmar,2,2,4338,0.000,0.000,0,0,ok
679,11,Índice — Palmar,2,3,4339,0.000,0.000,0,0,ok
680,11,Índice — Palmar,2,4,4340,0.000,0.000,0,0,ok
681,11,Índice — Palmar,2,5,4341,0.000,0.000,0,0,ok
682,11,Índice — Palmar,2,6,4342,0.000,0.000,0,0,ok
683,11,Índice — Palmar,2,7,4343,0.000,0.000,0,0,ok
684,11,Índice — Palmar,3,0,4344,9.710,3.070,2,16,noisy
685,11,Índice — Palmar,3,1,4345,0.000,0.000,0,0,ok
686,11,Índice — Palmar,3,2,4346,0.000,0.000,0,0,ok
687,11,Índice — Palmar,3,3,4347,0.000,0.000,0,0,ok
688,11,Índice — Palmar,3,4,4348,0.000,0.000,0,0,ok
689,11,Índice — Palmar,3,5,4349,0.000,0.000,0,0,ok
690,11,Índice — Palmar,3,6,4350,25.903,0.338,25,27,noisy
691,11,Índice — Palmar,3,7,4351,0.000,0.000,0,0,ok
692,11,Índice — Palmar,4,0,4352,0.000,0.000,0,0,ok
693,11,Índice — Palmar,4,1,4353,0.000,0.000,0,0,ok
694,11,Índice — Palmar,4,2,4354,0.000,0.000,0,0,ok
695,11,Índice — Palmar,4,3,4355,0.000,0.000,0,0,ok
696,11,Índice — Palmar,4,4,4356,0.000,0.000,0,0,ok
697,11,Índice — Palmar,4,5,4357,0.000,0.000,0,0,ok
698,11,Índice — Palmar,4,6,4358,0.000,0.000,0,0,ok
699,11,Índice — Palmar,4,7,4359,0.000,0.000,0,0,ok
700,11,Índice — Palmar,5,0,4360,0.000,0.000,0,0,ok
701,11,Índice — Palmar,5,1,4361,0.000,0.000,0,0,ok
702,11,Índice — Palmar,5,2,4362,0.000,0.000,0,0,ok
703,11,Índice — Palmar,5,3,4363,0.000,0.000,0,0,ok
704,11,Índice — Palmar,5,4,4364,0.000,0.000,0,0,ok
705,11,Índice — Palmar,5,5,4365,0.000,0.000,0,0,ok
706,11,Índice — Palmar,5,6,4366,0.000,0.000,0,0,ok
707,11,Índice — Palmar,5,7,4367,0.000,0.000,0,0,ok
708,11,Índice — Palmar,6,0,4368,0.000,0.000,0,0,ok
709,11,Índice — Palmar,6,1,4369,0.000,0.000,0,0,ok
710,11,Índice — Palmar,6,2,4370,0.000,0.000,0,0,ok
711,11,Índice — Palmar,6,3,4371,0.000,0.000,0,0,ok
712,11,Índice — Palmar,6,4,4372,0.000,0.000,0,0,ok
713,11,Índice — Palmar,6,5,4373,0.000,0.000,0,0,ok
714,11,Índice — Palmar,6,6,4374,0.000,0.000,0,0,ok
715,11,Índice — Palmar,6,7,4375,0.000,0.000,0,0,ok
716,11,Índice — Palmar,7,0,4376,0.000,0.000,0,0,ok
717,11,Índice — Palmar,7,1,4377,0.000,0.000,0,0,ok
718,11,Índice — Palmar,7,2,4378,0.000,0.000,0,0,ok
719,11,Índice — Palmar,7,3,4379,0.000,0.000,0,0,ok
720,11,Índice — Palmar,7,4,4380,0.000,0.000,0,0,ok
721,11,Índice — Palmar,7,5,4381,0.000,0.000,0,0,ok
722,11,Índice — Palmar,7,6,4382,0.000,0.000,0,0,ok
723,11,Índice — Palmar,7,7,4383,0.000,0.000,0,0,ok
724,11,Índice — Palmar,8,0,4384,0.000,0.000,0,0,ok
725,11,Índice — Palmar,8,1,4385,0.000,0.000,0,0,ok
726,11,Índice — Palmar,8,2,4386,0.000,0.000,0,0,ok
727,11,Índice — Palmar,8,3,4387,0.000,0.000,0,0,ok
728,11,Índice — Palmar,8,4,4388,0.000,0.000,0,0,ok
729,11,Índice — Palmar,8,5,4389,0.000,0.000,0,0,ok
730,11,Índice — Palmar,8,6,4390,0.000,0.000,0,0,ok
731,11,Índice — Palmar,8,7,4391,0.000,0.000,0,0,ok
732,11,Índice — Palmar,9,0,4392,0.000,0.000,0,0,ok
733,11,Índice — Palmar,9,1,4393,0.000,0.000,0,0,ok
734,11,Índice — Palmar,9,2,4394,0.000,0.000,0,0,ok
735,11,Índice — Palmar,9,3,4395,0.000,0.000,0,0,ok
736,11,Índice — Palmar,9,4,4396,0.000,0.000,0,0,ok
737,11,Índice — Palmar,9,5,4397,0.000,0.000,0,0,ok
738,11,Índice — Palmar,9,6,4398,0.000,0.000,0,0,ok
739,11,Índice — Palmar,9,7,4399,0.000,0.000,0,0,ok
740,12,Pulgar — Punta,0,0,4480,0.000,0.000,0,0,ok
741,12,Pulgar — Punta,0,1,4481,0.000,0.000,0,0,ok
742,12,Pulgar — Punta,0,2,4482,0.000,0.000,0,0,ok
743,12,Pulgar — Punta,1,0,4483,0.000,0.000,0,0,ok
744,12,Pulgar — Punta,1,1,4484,0.000,0.000,0,0,ok
745,12,Pulgar — Punta,1,2,4485,0.000,0.000,0,0,ok
746,12,Pulgar — Punta,2,0,4486,0.000,0.000,0,0,ok
747,12,Pulgar — Punta,2,1,4487,0.000,0.000,0,0,ok
748,12,Pulgar — Punta,2,2,4488,0.000,0.000,0,0,ok
749,13,Pulgar — Distal,0,0,4498,0.000,0.000,0,0,ok
750,13,Pulgar — Distal,0,1,4499,0.000,0.000,0,0,ok
751,13,Pulgar — Distal,0,2,4500,0.000,0.000,0,0,ok
752,13,Pulgar — Distal,0,3,4501,0.000,0.000,0,0,ok
753,13,Pulgar — Distal,0,4,4502,0.000,0.000,0,0,ok
754,13,Pulgar — Distal,0,5,4503,0.000,0.000,0,0,ok
755,13,Pulgar — Distal,0,6,4504,0.000,0.000,0,0,ok
756,13,Pulgar — Distal,0,7,4505,0.000,0.000,0,0,ok
757,13,Pulgar — Distal,1,0,4506,0.000,0.000,0,0,ok
758,13,Pulgar — Distal,1,1,4507,0.000,0.000,0,0,ok
759,13,Pulgar — Distal,1,2,4508,0.000,0.000,0,0,ok
760,13,Pulgar — Distal,1,3,4509,0.000,0.000,0,0,ok
761,13,Pulgar — Distal,1,4,4510,0.000,0.000,0,0,ok
762,13,Pulgar — Distal,1,5,4511,0.000,0.000,0,0,ok
763,13,Pulgar — Distal,1,6,4512,0.000,0.000,0,0,ok
764,13,Pulgar — Distal,1,7,4513,2.553,2.126,0,7,noisy
765,13,Pulgar — Distal,2,0,4514,0.000,0.000,0,0,ok
766,13,Pulgar — Distal,2,1,4515,0.000,0.000,0,0,ok
767,13,Pulgar — Distal,2,2,4516,0.000,0.000,0,0,ok
768,13,Pulgar — Distal,2,3,4517,0.000,0.000,0,0,ok
769,13,Pulgar — Distal,2,4,4518,0.000,0.000,0,0,ok
770,13,Pulgar — Distal,2,5,4519,0.000,0.000,0,0,ok
771,13,Pulgar — Distal,2,6,4520,0.000,0.000,0,0,ok
772,13,Pulgar — Distal,2,7,4521,0.000,0.000,0,0,ok
773,13,Pulgar — Distal,3,0,4522,0.000,0.000,0,0,ok
774,13,Pulgar — Distal,3,1,4523,0.000,0.000,0,0,ok
775,13,Pulgar — Distal,3,2,4524,0.000,0.000,0,0,ok
776,13,Pulgar — Distal,3,3,4525,0.000,0.000,0,0,ok
777,13,Pulgar — Distal,3,4,4526,0.000,0.000,0,0,ok
778,13,Pulgar — Distal,3,5,4527,0.000,0.000,0,0,ok
779,13,Pulgar — Distal,3,6,4528,0.000,0.000,0,0,ok
780,13,Pulgar — Distal,3,7,4529,0.000,0.000,0,0,ok
781,13,Pulgar — Distal,4,0,4530,0.000,0.000,0,0,ok
782,13,Pulgar — Distal,4,1,4531,0.000,0.000,0,0,ok
783,13,Pulgar — Distal,4,2,4532,0.000,0.000,0,0,ok
784,13,Pulgar — Distal,4,3,4533,0.000,0.000,0,0,ok
785,13,Pulgar — Distal,4,4,4534,0.000,0.000,0,0,ok
786,13,Pulgar — Distal,4,5,4535,0.000,0.000,0,0,ok
787,13,Pulgar — Distal,4,6,4536,0.000,0.000,0,0,ok
788,13,Pulgar — Distal,4,7,4537,0.000,0.000,0,0,ok
789,13,Pulgar — Distal,5,0,4538,0.000,0.000,0,0,ok
790,13,Pulgar — Distal,5,1,4539,0.000,0.000,0,0,ok
791,13,Pulgar — Distal,5,2,4540,0.000,0.000,0,0,ok
792,13,Pulgar — Distal,5,3,4541,0.000,0.000,0,0,ok
793,13,Pulgar — Distal,5,4,4542,0.000,0.000,0,0,ok
794,13,Pulgar — Distal,5,5,4543,0.000,0.000,0,0,ok
795,13,Pulgar — Distal,5,6,4544,0.000,0.000,0,0,ok
796,13,Pulgar — Distal,5,7,4545,0.000,0.000,0,0,ok
797,13,Pulgar — Distal,6,0,4546,0.000,0.000,0,0,ok
798,13,Pulgar — Distal,6,1,4547,0.000,0.000,0,0,ok
799,13,Pulgar — Distal,6,2,4548,0.000,0.000,0,0,ok
800,13,Pulgar — Distal,6,3,4549,0.000,0.000,0,0,ok
801,13,Pulgar — Distal,6,4,4550,0.000,0.000,0,0,ok
802,13,Pulgar — Distal,6,5,4551,0.000,0.000,0,0,ok
803,13,Pulgar — Distal,6,6,4552,0.000,0.000,0,0,ok
804,13,Pulgar — Distal,6,7,4553,0.000,0.000,0,0,ok
805,13,Pulgar — Distal,7,0,4554,0.000,0.000,0,0,ok
806,13,Pulgar — Distal,7,1,4555,0.000,0.000,0,0,ok
807,13,Pulgar — Distal,7,2,4556,0.000,0.000,0,0,ok
808,13,Pulgar — Distal,7,3,4557,0.000,0.000,0,0,ok
809,13,Pulgar — Distal,7,4,4558,0.000,0.000,0,0,ok
810,13,Pulgar — Distal,7,5,4559,0.000,0.000,0,0,ok
811,13,Pulgar — Distal,7,6,4560,0.000,0.000,0,0,ok
812,13,Pulgar — Distal,7,7,4561,0.000,0.000,0,0,ok
813,13,Pulgar — Distal,8,0,4562,0.000,0.000,0,0,ok
814,13,Pulgar — Distal,8,1,4563,0.000,0.000,0,0,ok
815,13,Pulgar — Distal,8,2,4564,0.000,0.000,0,0,ok
816,13,Pulgar — Distal,8,3,4565,0.000,0.000,0,0,ok
817,13,Pulgar — Distal,8,4,4566,0.000,0.000,0,0,ok
818,13,Pulgar — Distal,8,5,4567,0.000,0.000,0,0,ok
819,13,Pulgar — Distal,8,6,4568,0.000,0.000,0,0,ok
820,13,Pulgar — Distal,8,7,4569,0.000,0.000,0,0,ok
821,13,Pulgar — Distal,9,0,4570,0.000,0.000,0,0,ok
822,13,Pulgar — Distal,9,1,4571,0.000,0.000,0,0,ok
823,13,Pulgar — Distal,9,2,4572,0.000,0.000,0,0,ok
824,13,Pulgar — Distal,9,3,4573,0.000,0.000,0,0,ok
825,13,Pulgar — Distal,9,4,4574,0.000,0.000,0,0,ok
826,13,Pulgar — Distal,9,5,4575,0.000,0.000,0,0,ok
827,13,Pulgar — Distal,9,6,4576,0.000,0.000,0,0,ok
828,13,Pulgar — Distal,9,7,4577,0.000,0.000,0,0,ok
829,13,Pulgar — Distal,10,0,4578,0.000,0.000,0,0,ok
830,13,Pulgar — Distal,10,1,4579,0.000,0.000,0,0,ok
831,13,Pulgar — Distal,10,2,4580,0.000,0.000,0,0,ok
832,13,Pulgar — Distal,10,3,4581,0.000,0.000,0,0,ok
833,13,Pulgar — Distal,10,4,4582,0.000,0.000,0,0,ok
834,13,Pulgar — Distal,10,5,4583,0.000,0.000,0,0,ok
835,13,Pulgar — Distal,10,6,4584,0.000,0.000,0,0,ok
836,13,Pulgar — Distal,10,7,4585,0.000,0.000,0,0,ok
837,13,Pulgar — Distal,11,0,4586,19.757,3.869,12,27,noisy
838,13,Pulgar — Distal,11,1,4587,0.000,0.000,0,0,ok
839,13,Pulgar — Distal,11,2,4588,0.000,0.000,0,0,ok
840,13,Pulgar — Distal,11,3,4589,0.000,0.000,0,0,ok
841,13,Pulgar — Distal,11,4,4590,0.010,0.099,0,1,noisy
842,13,Pulgar — Distal,11,5,4591,54.893,1.014,53,57,noisy
843,13,Pulgar — Distal,11,6,4592,0.000,0.000,0,0,ok
844,13,Pulgar — Distal,11,7,4593,0.000,0.000,0,0,ok
845,14,Pulgar — Medio,0,0,4690,0.000,0.000,0,0,stuck_low
846,14,Pulgar — Medio,0,1,4691,0.000,0.000,0,0,ok
847,14,Pulgar — Medio,0,2,4692,0.000,0.000,0,0,stuck_low
848,14,Pulgar — Medio,1,0,4693,0.000,0.000,0,0,stuck_low
849,14,Pulgar — Medio,1,1,4694,0.000,0.000,0,0,ok
850,14,Pulgar — Medio,1,2,4695,0.000,0.000,0,0,stuck_low
851,14,Pulgar — Medio,2,0,4696,0.000,0.000,0,0,stuck_low
852,14,Pulgar — Medio,2,1,4697,0.000,0.000,0,0,stuck_low
853,14,Pulgar — Medio,2,2,4698,0.000,0.000,0,0,stuck_low
854,15,Pulgar — Palmar,0,0,4708,0.000,0.000,0,0,ok
855,15,Pulgar — Palmar,0,1,4709,0.000,0.000,0,0,ok
856,15,Pulgar — Palmar,0,2,4710,0.000,0.000,0,0,ok
857,15,Pulgar — Palmar,0,3,4711,0.000,0.000,0,0,ok
858,15,Pulgar — Palmar,0,4,4712,0.000,0.000,0,0,ok
859,15,Pulgar — Palmar,0,5,4713,0.000,0.000,0,0,ok
860,15,Pulgar — Palmar,0,6,4714,0.000,0.000,0,0,ok
861,15,Pulgar — Palmar,0,7,4715,0.000,0.000,0,0,ok
862,15,Pulgar — Palmar,1,0,4716,0.000,0.000,0,0,ok
863,15,Pulgar — Palmar,1,1,4717,0.000,0.000,0,0,ok
864,15,Pulgar — Palmar,1,2,4718,0.000,0.000,0,0,ok
865,15,Pulgar — Palmar,1,3,4719,0.000,0.000,0,0,ok
866,15,Pulgar — Palmar,1,4,4720,0.000,0.000,0,0,ok
867,15,Pulgar — Palmar,1,5,4721,0.000,0.000,0,0,ok
868,15,Pulgar — Palmar,1,6,4722,0.000,0.000,0,0,ok
869,15,Pulgar — Palmar,1,7,4723,0.000,0.000,0,0,stuck_low
870,15,Pulgar — Palmar,2,0,4724,0.000,0.000,0,0,ok
871,15,Pulgar — Palmar,2,1,4725,0.000,0.000,0,0,ok
872,15,Pulgar — Palmar,2,2,4726,0.000,0.000,0,0,ok
873,15,Pulgar — Palmar,2,3,4727,0.000,0.000,0,0,ok
874,15,Pulgar — Palmar,2,4,4728,0.000,0.000,0,0,ok
875,15,Pulgar — Palmar,2,5,4729,0.000,0.000,0,0,ok
876,15,Pulgar — Palmar,2,6,4730,0.000,0.000,0,0,ok
877,15,Pulgar — Palmar,2,7,4731,0.000,0.000,0,0,ok
878,15,Pulgar — Palmar,3,0,4732,0.000,0.000,0,0,ok
879,15,Pulgar — Palmar,3,1,4733,0.000,0.000,0,0,ok
880,15,Pulgar — Palmar,3,2,4734,0.000,0.000,0,0,ok
881,15,Pulgar — Palmar,3,3,4735,0.000,0.000,0,0,ok
882,15,Pulgar — Palmar,3,4,4736,0.000,0.000,0,0,ok
883,15,Pulgar — Palmar,3,5,4737,0.000,0.000,0,0,ok
884,15,Pulgar — Palmar,3,6,4738,0.000,0.000,0,0,ok
885,15,Pulgar — Palmar,3,7,4739,0.000,0.000,0,0,ok
886,15,Pulgar — Palmar,4,0,4740,0.000,0.000,0,0,ok
887,15,Pulgar — Palmar,4,1,4741,0.000,0.000,0,0,ok
888,15,Pulgar — Palmar,4,2,4742,0.000,0.000,0,0,ok
889,15,Pulgar — Palmar,4,3,4743,0.000,0.000,0,0,ok
890,15,Pulgar — Palmar,4,4,4744,0.000,0.000,0,0,ok
891,15,Pulgar — Palmar,4,5,4745,0.000,0.000,0,0,ok
892,15,Pulgar — Palmar,4,6,4746,0.000,0.000,0,0,ok
893,15,Pulgar — Palmar,4,7,4747,0.000,0.000,0,0,stuck_low
894,15,Pulgar — Palmar,5,0,4748,0.000,0.000,0,0,ok
895,15,Pulgar — Palmar,5,1,4749,0.000,0.000,0,0,ok
896,15,Pulgar — Palmar,5,2,4750,0.000,0.000,0,0,ok
897,15,Pulgar — Palmar,5,3,4751,0.000,0.000,0,0,ok
898,15,Pulgar — Palmar,5,4,4752,0.000,0.000,0,0,ok
899,15,Pulgar — Palmar,5,5,4753,0.000,0.000,0,0,ok
900,15,Pulgar — Palmar,5,6,4754,0.000,0.000,0,0,ok
901,15,Pulgar — Palmar,5,7,4755,0.000,0.000,0,0,ok
902,15,Pulgar — Palmar,6,0,4756,0.000,0.000,0,0,ok
903,15,Pulgar — Palmar,6,1,4757,0.000,0.000,0,0,ok
904,15,Pulgar — Palmar,6,2,4758,0.000,0.000,0,0,ok
905,15,Pulgar — Palmar,6,3,4759,0.000,0.000,0,0,ok
906,15,Pulgar — Palmar,6,4,4760,0.000,0.000,0,0,ok
907,15,Pulgar — Palmar,6,5,4761,0.000,0.000,0,0,ok
908,15,Pulgar — Palmar,6,6,4762,0.000,0.000,0,0,ok
909,15,Pulgar — Palmar,6,7,4763,0.000,0.000,0,0,ok
910,15,Pulgar — Palmar,7,0,4764,0.000,0.000,0,0,ok
911,15,Pulgar — Palmar,7,1,4765,0.000,0.000,0,0,ok
912,15,Pulgar — Palmar,7,2,4766,0.000,0.000,0,0,ok
913,15,Pulgar — Palmar,7,3,4767,0.000,0.000,0,0,ok
914,15,Pulgar — Palmar,7,4,4768,0.000,0.000,0,0,ok
915,15,Pulgar — Palmar,7,5,4769,0.000,0.000,0,0,ok
916,15,Pulgar — Palmar,7,6,4770,0.000,0.000,0,0,ok
917,15,Pulgar — Palmar,7,7,4771,0.000,0.000,0,0,ok
918,15,Pulgar — Palmar,8,0,4772,0.000,0.000,0,0,ok
919,15,Pulgar — Palmar,8,1,4773,0.000,0.000,0,0,ok
920,15,Pulgar — Palmar,8,2,4774,0.000,0.000,0,0,ok
921,15,Pulgar — Palmar,8,3,4775,0.000,0.000,0,0,ok
922,15,Pulgar — Palmar,8,4,4776,0.000,0.000,0,0,ok
923,15,Pulgar — Palmar,8,5,4777,0.000,0.000,0,0,ok
924,15,Pulgar — Palmar,8,6,4778,0.000,0.000,0,0,ok
925,15,Pulgar — Palmar,8,7,4779,0.000,0.000,0,0,ok
926,15,Pulgar — Palmar,9,0,4780,0.000,0.000,0,0,ok
927,15,Pulgar — Palmar,9,1,4781,0.000,0.000,0,0,ok
928,15,Pulgar — Palmar,9,2,4782,0.000,0.000,0,0,ok
929,15,Pulgar — Palmar,9,3,4783,0.000,0.000,0,0,ok
930,15,Pulgar — Palmar,9,4,4784,0.000,0.000,0,0,ok
931,15,Pulgar — Palmar,9,5,4785,0.000,0.000,0,0,ok
932,15,Pulgar — Palmar,9,6,4786,0.000,0.000,0,0,ok
933,15,Pulgar — Palmar,9,7,4787,0.000,0.000,0,0,ok
934,15,Pulgar — Palmar,10,0,4788,0.000,0.000,0,0,ok
935,15,Pulgar — Palmar,10,1,4789,0.000,0.000,0,0,ok
936,15,Pulgar — Palmar,10,2,4790,0.000,0.000,0,0,ok
937,15,Pulgar — Palmar,10,3,4791,0.000,0.000,0,0,ok
938,15,Pulgar — Palmar,10,4,4792,0.000,0.000,0,0,ok
939,15,Pulgar — Palmar,10,5,4793,0.000,0.000,0,0,ok
940,15,Pulgar — Palmar,10,6,4794,0.000,0.000,0,0,ok
941,15,Pulgar — Palmar,10,7,4795,0.000,0.000,0,0,ok
942,15,Pulgar — Palmar,11,0,4796,0.000,0.000,0,0,ok
943,15,Pulgar — Palmar,11,1,4797,0.000,0.000,0,0,ok
944,15,Pulgar — Palmar,11,2,4798,0.000,0.000,0,0,ok
945,15,Pulgar — Palmar,11,3,4799,0.000,0.000,0,0,ok
946,15,Pulgar — Palmar,11,4,4800,0.000,0.000,0,0,ok
947,15,Pulgar — Palmar,11,5,4801,0.000,0.000,0,0,ok
948,15,Pulgar — Palmar,11,6,4802,0.000,0.000,0,0,ok
949,15,Pulgar — Palmar,11,7,4803,0.000,0.000,0,0,ok
950,16,Palma,0,0,4900,0.000,0.000,0,0,stuck_low
951,16,Palma,0,1,4901,0.000,0.000,0,0,ok
952,16,Palma,0,2,4902,0.000,0.000,0,0,ok
953,16,Palma,0,3,4903,0.000,0.000,0,0,ok
954,16,Palma,0,4,4904,0.000,0.000,0,0,ok
955,16,Palma,0,5,4905,0.000,0.000,0,0,ok
956,16,Palma,0,6,4906,0.000,0.000,0,0,ok
957,16,Palma,0,7,4907,0.000,0.000,0,0,stuck_low
958,16,Palma,1,0,4908,0.000,0.000,0,0,stuck_low
959,16,Palma,1,1,4909,0.000,0.000,0,0,ok
960,16,Palma,1,2,4910,0.000,0.000,0,0,ok
961,16,Palma,1,3,4911,0.000,0.000,0,0,ok
962,16,Palma,1,4,4912,0.000,0.000,0,0,ok
963,16,Palma,1,5,4913,0.000,0.000,0,0,ok
964,16,Palma,1,6,4914,0.000,0.000,0,0,ok
965,16,Palma,1,7,4915,0.000,0.000,0,0,stuck_low
966,16,Palma,2,0,4916,0.000,0.000,0,0,stuck_low
967,16,Palma,2,1,4917,0.000,0.000,0,0,ok
968,16,Palma,2,2,4918,0.000,0.000,0,0,ok
969,16,Palma,2,3,4919,0.000,0.000,0,0,ok
970,16,Palma,2,4,4920,0.000,0.000,0,0,ok
971,16,Palma,2,5,4921,0.000,0.000,0,0,ok
972,16,Palma,2,6,4922,0.000,0.000,0,0,ok
973,16,Palma,2,7,4923,0.000,0.000,0,0,stuck_low
974,16,Palma,3,0,4924,0.000,0.000,0,0,stuck_low
975,16,Palma,3,1,4925,0.000,0.000,0,0,ok
976,16,Palma,3,2,4926,0.000,0.000,0,0,ok
977,16,Palma,3,3,4927,0.000,0.000,0,0,ok
978,16,Palma,3,4,4928,0.000,0.000,0,0,ok
979,16,Palma,3,5,4929,0.000,0.000,0,0,ok
980,16,Palma,3,6,4930,0.000,0.000,0,0,ok
981,16,Palma,3,7,4931,0.000,0.000,0,0,stuck_low
982,16,Palma,4,0,4932,0.000,0.000,0,0,stuck_low
983,16,Palma,4,1,4933,0.000,0.000,0,0,ok
984,16,Palma,4,2,4934,0.000,0.000,0,0,ok
985,16,Palma,4,3,4935,0.000,0.000,0,0,ok
986,16,Palma,4,4,4936,0.000,0.000,0,0,ok
987,16,Palma,4,5,4937,0.000,0.000,0,0,ok
988,16,Palma,4,6,4938,0.000,0.000,0,0,ok
989,16,Palma,4,7,4939,0.000,0.000,0,0,stuck_low
990,16,Palma,5,0,4940,0.000,0.000,0,0,stuck_low
991,16,Palma,5,1,4941,0.000,0.000,0,0,ok
992,16,Palma,5,2,4942,0.000,0.000,0,0,ok
993,16,Palma,5,3,4943,0.000,0.000,0,0,ok
994,16,Palma,5,4,4944,0.000,0.000,0,0,ok
995,16,Palma,5,5,4945,0.000,0.000,0,0,ok
996,16,Palma,5,6,4946,5.187,3.070,0,12,noisy
997,16,Palma,5,7,4947,0.000,0.000,0,0,stuck_low
998,16,Palma,6,0,4948,0.000,0.000,0,0,stuck_low
999,16,Palma,6,1,4949,0.000,0.000,0,0,stuck_low
1000,16,Palma,6,2,4950,0.000,0.000,0,0,ok
1001,16,Palma,6,3,4951,0.000,0.000,0,0,ok
1002,16,Palma,6,4,4952,0.000,0.000,0,0,ok
1003,16,Palma,6,5,4953,0.000,0.000,0,0,ok
1004,16,Palma,6,6,4954,0.000,0.000,0,0,stuck_low
1005,16,Palma,6,7,4955,0.000,0.000,0,0,stuck_low
1006,16,Palma,7,0,4956,0.000,0.000,0,0,stuck_low
1007,16,Palma,7,1,4957,0.000,0.000,0,0,stuck_low
1008,16,Palma,7,2,4958,0.000,0.000,0,0,ok
1009,16,Palma,7,3,4959,0.000,0.000,0,0,ok
1010,16,Palma,7,4,4960,0.000,0.000,0,0,ok
1011,16,Palma,7,5,4961,0.000,0.000,0,0,stuck_low
1012,16,Palma,7,6,4962,0.000,0.000,0,0,stuck_low
1013,16,Palma,7,7,4963,0.000,0.000,0,0,stuck_low
1014,16,Palma,8,0,4964,0.000,0.000,0,0,stuck_low
1015,16,Palma,8,1,4965,0.000,0.000,0,0,ok
1016,16,Palma,8,2,4966,0.000,0.000,0,0,ok
1017,16,Palma,8,3,4967,0.000,0.000,0,0,ok
1018,16,Palma,8,4,4968,0.000,0.000,0,0,ok
1019,16,Palma,8,5,4969,0.000,0.000,0,0,stuck_low
1020,16,Palma,8,6,4970,0.000,0.000,0,0,stuck_low
1021,16,Palma,8,7,4971,0.000,0.000,0,0,stuck_low
1022,16,Palma,9,0,4972,0.000,0.000,0,0,ok
1023,16,Palma,9,1,4973,0.000,0.000,0,0,ok
1024,16,Palma,9,2,4974,0.000,0.000,0,0,ok
1025,16,Palma,9,3,4975,0.000,0.000,0,0,ok
1026,16,Palma,9,4,4976,0.000,0.000,0,0,ok
1027,16,Palma,9,5,4977,0.000,0.000,0,0,ok
1028,16,Palma,9,6,4978,0.000,0.000,0,0,stuck_low
1029,16,Palma,9,7,4979,0.000,0.000,0,0,stuck_low
1030,16,Palma,10,0,4980,0.000,0.000,0,0,ok
1031,16,Palma,10,1,4981,0.000,0.000,0,0,ok
1032,16,Palma,10,2,4982,0.000,0.000,0,0,ok
1033,16,Palma,10,3,4983,0.000,0.000,0,0,ok
1034,16,Palma,10,4,4984,0.000,0.000,0,0,ok
1035,16,Palma,10,5,4985,0.000,0.000,0,0,ok
1036,16,Palma,10,6,4986,0.000,0.000,0,0,stuck_low
1037,16,Palma,10,7,4987,0.000,0.000,0,0,stuck_low
1038,16,Palma,11,0,4988,0.000,0.000,0,0,ok
1039,16,Palma,11,1,4989,0.000,0.000,0,0,ok
1040,16,Palma,11,2,4990,0.000,0.000,0,0,ok
1041,16,Palma,11,3,4991,0.000,0.000,0,0,ok
1042,16,Palma,11,4,4992,0.000,0.000,0,0,ok
1043,16,Palma,11,5,4993,0.000,0.000,0,0,ok
1044,16,Palma,11,6,4994,0.000,0.000,0,0,stuck_low
1045,16,Palma,11,7,4995,0.000,0.000,0,0,stuck_low
1046,16,Palma,12,0,4996,0.000,0.000,0,0,ok
1047,16,Palma,12,1,4997,0.000,0.000,0,0,ok
1048,16,Palma,12,2,4998,0.000,0.000,0,0,ok
1049,16,Palma,12,3,4999,0.000,0.000,0,0,ok
1050,16,Palma,12,4,5000,0.000,0.000,0,0,ok
1051,16,Palma,12,5,5001,0.000,0.000,0,0,ok
1052,16,Palma,12,6,5002,0.000,0.000,0,0,stuck_low
1053,16,Palma,12,7,5003,0.000,0.000,0,0,stuck_low
1054,16,Palma,13,0,5004,0.000,0.000,0,0,ok
1055,16,Palma,13,1,5005,0.000,0.000,0,0,ok
1056,16,Palma,13,2,5006,0.000,0.000,0,0,ok
1057,16,Palma,13,3,5007,0.000,0.000,0,0,ok
1058,16,Palma,13,4,5008,0.000,0.000,0,0,ok
1059,16,Palma,13,5,5009,0.000,0.000,0,0,stuck_low
1060,16,Palma,13,6,5010,0.000,0.000,0,0,stuck_low
1061,16,Palma,13,7,5011,0.000,0.000,0,0,stuck_low
