taxel,zone,zone_name,row,col,mu,sigma,own_rise,cross_rise,status
0,0,Meñique — Punta,0,0,0.000,0.000,2527.0,0.0,ok
1,0,Meñique — Punta,0,1,0.000,0.000,2223.0,0.0,ok
2,0,Meñique — Punta,0,2,0.000,0.000,2650.0,0.0,ok
3,0,Meñique — Punta,1,0,97.150,118.991,2690.0,30.2,noisy
4,0,Meñique — Punta,1,1,297.700,30.649,2063.8,3.0,noisy
5,0,Meñique — Punta,1,2,260.603,23.505,2181.3,0.0,noisy
6,0,Meñique — Punta,2,0,55.290,14.574,2322.0,23.8,noisy
7,0,Meñique — Punta,2,1,288.870,14.636,1748.7,54.0,noisy
8,0,Meñique — Punta,2,2,258.263,10.928,1777.3,0.0,noisy
9,1,Meñique — Distal,0,0,0.000,0.000,939.0,0.0,ok
10,1,Meñique — Distal,0,1,0.000,0.000,524.0,0.0,ok
11,1,Meñique — Distal,0,2,0.000,0.000,234.0,0.0,ok
12,1,Meñique — Distal,0,3,0.000,0.000,955.0,0.0,ok
13,1,Meñique — Distal,0,4,0.000,0.000,983.0,0.0,ok
14,1,Meñique — Distal,0,5,0.000,0.000,409.0,0.0,ok
15,1,Meñique — Distal,0,6,0.000,0.000,576.0,0.0,ok
16,1,Meñique — Distal,0,7,0.000,0.000,708.0,0.0,ok
17,1,Meñique — Distal,1,0,0.000,0.000,678.0,13.0,ok
18,1,Meñique — Distal,1,1,0.000,0.000,729.0,0.0,ok
19,1,Meñique — Distal,1,2,0.000,0.000,661.0,0.0,ok
20,1,Meñique — Distal,1,3,0.000,0.000,948.0,0.0,ok
21,1,Meñique — Distal,1,4,0.000,0.000,955.0,0.0,ok
22,1,Meñique — Distal,1,5,0.000,0.000,648.0,0.0,ok
23,1,Meñique — Distal,1,6,0.000,0.000,737.0,0.0,ok
24,1,Meñique — Distal,1,7,0.000,0.000,637.0,0.0,ok
25,1,Meñique — Distal,2,0,0.000,0.000,213.0,0.0,ok
26,1,Meñique — Distal,2,1,0.000,0.000,449.0,0.0,ok
27,1,Meñique — Distal,2,2,0.000,0.000,885.0,0.0,ok
28,1,Meñique — Distal,2,3,0.000,0.000,310.0,0.0,ok
29,1,Meñique — Distal,2,4,0.000,0.000,567.0,0.0,ok
30,1,Meñique — Distal,2,5,0.000,0.000,921.0,0.0,ok
31,1,Meñique — Distal,2,6,0.000,0.000,628.0,0.0,ok
32,1,Meñique — Distal,2,7,0.000,0.000,333.0,0.0,ok
33,1,Meñique — Distal,3,0,0.000,0.000,993.0,6.0,ok
34,1,Meñique — Distal,3,1,0.000,0.000,973.0,0.0,ok
35,1,Meñique — Distal,3,2,0.000,0.000,460.0,0.0,ok
36,1,Meñique — Distal,3,3,0.000,0.000,1118.0,0.0,ok
37,1,Meñique — Distal,3,4,0.000,0.000,1113.0,0.0,ok
38,1,Meñique — Distal,3,5,0.000,0.000,531.0,0.0,ok
39,1,Meñique — Distal,3,6,0.000,0.000,1069.0,0.0,ok
40,1,Meñique — Distal,3,7,0.000,0.000,1207.0,4.0,ok
41,1,Meñique — Distal,4,0,0.000,0.000,1049.0,40.0,ok
42,1,Meñique — Distal,4,1,0.000,0.000,1016.0,0.0,ok
43,1,Meñique — Distal,4,2,0.000,0.000,515.0,0.0,ok
44,1,Meñique — Distal,4,3,0.000,0.000,1012.0,0.0,ok
45,1,Meñique — Distal,4,4,0.000,0.000,1070.0,0.0,ok
46,1,Meñique — Distal,4,5,0.000,0.000,549.0,0.0,ok
47,1,Meñique — Distal,4,6,0.000,0.000,1110.0,0.0,ok
48,1,Meñique — Distal,4,7,0.000,0.000,1123.0,0.0,ok
49,1,Meñique — Distal,5,0,0.000,0.000,291.0,0.0,ok
50,1,Meñique — Distal,5,1,0.000,0.000,732.0,0.0,ok
51,1,Meñique — Distal,5,2,0.000,0.000,1104.0,0.0,ok
52,1,Meñique — Distal,5,3,0.000,0.000,367.0,0.0,ok
53,1,Meñique — Distal,5,4,0.000,0.000,387.0,0.0,ok
54,1,Meñique — Distal,5,5,0.000,0.000,1173.0,0.0,ok
55,1,Meñique — Distal,5,6,0.000,0.000,718.0,0.0,ok
56,1,Meñique — Distal,5,7,0.767,1.730,513.2,0.0,noisy
57,1,Meñique — Distal,6,0,0.000,0.000,768.0,0.0,ok
58,1,Meñique — Distal,6,1,0.000,0.000,1049.0,0.0,ok
59,1,Meñique — Distal,6,2,0.000,0.000,784.0,0.0,ok
60,1,Meñique — Distal,6,3,0.000,0.000,1086.0,0.0,ok
61,1,Meñique — Distal,6,4,0.000,0.000,1161.0,0.0,ok
62,1,Meñique — Distal,6,5,0.000,0.000,523.0,0.0,ok
63,1,Meñique — Distal,6,6,0.000,0.000,1292.0,0.0,ok
64,1,Meñique — Distal,6,7,0.000,0.000,1449.0,0.0,ok
65,1,Meñique — Distal,7,0,0.000,0.000,923.0,0.0,ok
66,1,Meñique — Distal,7,1,0.000,0.000,968.0,0.0,ok
67,1,Meñique — Distal,7,2,0.000,0.000,365.0,0.0,ok
68,1,Meñique — Distal,7,3,0.000,0.000,1035.0,0.0,ok
69,1,Meñique — Distal,7,4,0.000,0.000,1108.0,0.0,ok
70,1,Meñique — Distal,7,5,0.000,0.000,473.0,0.0,ok
71,1,Meñique — Distal,7,6,0.000,0.000,1211.0,0.0,ok
72,1,Meñique — Distal,7,7,0.000,0.000,1338.0,0.0,ok
73,1,Meñique — Distal,8,0,0.000,0.000,360.0,0.0,ok
74,1,Meñique — Distal,8,1,0.000,0.000,877.0,0.0,ok
75,1,Meñique — Distal,8,2,0.000,0.000,1009.0,0.0,ok
76,1,Meñique — Distal,8,3,0.000,0.000,538.0,0.0,ok
77,1,Meñique — Distal,8,4,0.000,0.000,572.0,0.0,ok
78,1,Meñique — Distal,8,5,0.000,0.000,1069.0,0.0,ok
79,1,Meñique — Distal,8,6,0.000,0.000,603.0,0.0,ok
80,1,Meñique — Distal,8,7,0.000,0.000,160.0,0.0,ok
81,1,Meñique — Distal,9,0,0.000,0.000,124.0,0.0,ok
82,1,Meñique — Distal,9,1,0.000,0.000,762.0,3.2,ok
83,1,Meñique — Distal,9,2,0.000,0.000,924.0,0.0,ok
84,1,Meñique — Distal,9,3,0.000,0.000,945.0,0.0,ok
85,1,Meñique — Distal,9,4,0.000,0.000,919.0,0.0,ok
86,1,Meñique — Distal,9,5,0.000,0.000,749.0,0.0,ok
87,1,Meñique — Distal,9,6,0.000,0.000,939.0,0.0,ok
88,1,Meñique — Distal,9,7,16.417,0.985,857.8,0.0,noisy
89,1,Meñique — Distal,10,0,0.000,0.000,128.0,0.0,ok
90,1,Meñique — Distal,10,1,0.000,0.000,311.0,0.0,ok
91,1,Meñique — Distal,10,2,0.000,0.000,287.0,0.0,ok
92,1,Meñique — Distal,10,3,0.000,0.000,448.0,0.0,ok
93,1,Meñique — Distal,10,4,0.000,0.000,568.0,0.0,ok
94,1,Meñique — Distal,10,5,0.000,0.000,219.0,0.0,ok
95,1,Meñique — Distal,10,6,0.000,0.000,533.0,0.0,ok
96,1,Meñique — Distal,10,7,0.000,0.000,542.0,0.0,ok
97,1,Meñique — Distal,11,0,0.000,0.000,141.0,6.0,ok
98,1,Meñique — Distal,11,1,0.000,0.000,262.3,0.0,ok
99,1,Meñique — Distal,11,2,0.000,0.000,345.0,0.0,ok
100,1,Meñique — Distal,11,3,0.000,0.000,222.0,0.0,ok
101,1,Meñique — Distal,11,4,0.000,0.000,223.0,0.0,ok
102,1,Meñique — Distal,11,5,0.000,0.000,393.0,0.0,ok
103,1,Meñique — Distal,11,6,6.310,2.203,235.8,0.0,noisy
104,1,Meñique — Distal,11,7,0.000,0.000,0.0,0.0,stuck_low
105,2,Meñique — Palmar,0,0,0.000,0.000,879.0,0.0,ok
106,2,Meñique — Palmar,0,1,0.000,0.000,42.0,0.0,ok
107,2,Meñique — Palmar,0,2,0.000,0.000,800.0,0.0,ok
108,2,Meñique — Palmar,0,3,0.000,0.000,1000.0,0.0,ok
109,2,Meñique — Palmar,0,4,0.000,0.000,249.0,0.0,ok
110,2,Meñique — Palmar,0,5,0.000,0.000,1113.0,0.0,ok
111,2,Meñique — Palmar,0,6,0.000,0.000,1048.0,0.0,ok
112,2,Meñique — Palmar,0,7,0.000,0.000,314.0,0.0,ok
113,2,Meñique — Palmar,1,0,0.000,0.000,75.0,0.0,ok
114,2,Meñique — Palmar,1,1,0.000,0.000,827.0,0.0,ok
115,2,Meñique — Palmar,1,2,0.000,0.000,1005.0,0.0,ok
116,2,Meñique — Palmar,1,3,0.000,0.000,771.0,0.0,ok
117,2,Meñique — Palmar,1,4,0.000,0.000,1106.0,0.0,ok
118,2,Meñique — Palmar,1,5,0.000,0.000,961.0,0.0,ok
119,2,Meñique — Palmar,1,6,0.000,0.000,706.0,0.0,ok
120,2,Meñique — Palmar,1,7,0.000,0.000,1217.0,0.0,ok
121,2,Meñique — Palmar,2,0,0.000,0.000,0.0,0.0,stuck_low
122,2,Meñique — Palmar,2,1,0.000,0.000,965.0,0.0,ok
123,2,Meñique — Palmar,2,2,0.000,0.000,953.0,0.0,ok
124,2,Meñique — Palmar,2,3,0.000,0.000,606.0,0.0,ok
125,2,Meñique — Palmar,2,4,0.000,0.000,1058.0,0.0,ok
126,2,Meñique — Palmar,2,5,0.000,0.000,1141.0,0.0,ok
127,2,Meñique — Palmar,2,6,0.000,0.000,934.0,0.0,ok
128,2,Meñique — Palmar,2,7,0.000,0.000,1273.0,0.0,ok
129,2,Meñique — Palmar,3,0,0.000,0.000,933.0,0.0,ok
130,2,Meñique — Palmar,3,1,0.000,0.000,119.0,0.0,ok
131,2,Meñique — Palmar,3,2,0.000,0.000,838.0,0.0,ok
132,2,Meñique — Palmar,3,3,0.000,0.000,893.0,0.0,ok
133,2,Meñique — Palmar,3,4,0.000,0.000,265.0,0.0,ok
134,2,Meñique — Palmar,3,5,0.000,0.000,939.0,0.0,ok
135,2,Meñique — Palmar,3,6,0.000,0.000,1264.0,0.0,ok
136,2,Meñique — Palmar,3,7,0.000,0.000,724.0,0.0,ok
137,2,Meñique — Palmar,4,0,0.077,0.494,982.0,1.0,noisy
138,2,Meñique — Palmar,4,1,0.000,0.000,766.0,0.0,ok
139,2,Meñique — Palmar,4,2,0.000,0.000,814.0,0.0,ok
140,2,Meñique — Palmar,4,3,0.000,0.000,773.0,0.0,ok
141,2,Meñique — Palmar,4,4,0.000,0.000,489.0,0.0,ok
142,2,Meñique — Palmar,4,5,0.000,0.000,836.0,0.0,ok
143,2,Meñique — Palmar,4,6,0.000,0.000,1179.0,8.0,ok
144,2,Meñique — Palmar,4,7,0.000,0.000,1154.0,8.0,ok
145,2,Meñique — Palmar,5,0,0.000,0.000,295.0,0.0,ok
146,2,Meñique — Palmar,5,1,0.000,0.000,746.0,0.0,ok
147,2,Meñique — Palmar,5,2,0.000,0.000,99.0,0.0,ok
148,2,Meñique — Palmar,5,3,0.000,0.000,193.0,0.0,ok
149,2,Meñique — Palmar,5,4,0.000,0.000,865.0,0.0,ok
150,2,Meñique — Palmar,5,5,0.000,0.000,541.0,0.0,ok
151,2,Meñique — Palmar,5,6,0.000,0.000,323.0,0.0,ok
152,2,Meñique — Palmar,5,7,0.000,0.000,1500.0,7.0,ok
153,2,Meñique — Palmar,6,0,0.000,0.000,812.0,0.0,ok
154,2,Meñique — Palmar,6,1,0.000,0.000,416.0,0.0,ok
155,2,Meñique — Palmar,6,2,0.000,0.000,804.0,0.0,ok
156,2,Meñique — Palmar,6,3,0.000,0.000,853.0,0.0,ok
157,2,Meñique — Palmar,6,4,0.000,0.000,361.0,0.0,ok
158,2,Meñique — Palmar,6,5,0.000,0.000,928.0,0.0,ok
159,2,Meñique — Palmar,6,6,0.000,0.000,1167.0,0.0,ok
160,2,Meñique — Palmar,6,7,0.000,0.000,1257.0,0.0,ok
161,2,Meñique — Palmar,7,0,0.000,0.000,937.0,0.0,ok
162,2,Meñique — Palmar,7,1,0.000,0.000,15.0,0.0,stuck_low
163,2,Meñique — Palmar,7,2,0.000,0.000,856.0,0.0,ok
164,2,Meñique — Palmar,7,3,0.000,0.000,935.0,0.0,ok
165,2,Meñique — Palmar,7,4,0.000,0.000,276.0,0.0,ok
166,2,Meñique — Palmar,7,5,0.000,0.000,711.0,0.0,ok
167,2,Meñique — Palmar,7,6,0.000,0.000,1161.0,0.0,ok
168,2,Meñique — Palmar,7,7,28.223,1.631,729.2,14.0,noisy
169,2,Meñique — Palmar,8,0,0.000,0.000,580.0,0.0,ok
170,2,Meñique — Palmar,8,1,0.000,0.000,587.0,0.0,ok
171,2,Meñique — Palmar,8,2,0.000,0.000,729.0,0.0,ok
172,2,Meñique — Palmar,8,3,0.000,0.000,752.0,0.0,ok
173,2,Meñique — Palmar,8,4,0.000,0.000,869.0,0.0,ok
174,2,Meñique — Palmar,8,5,0.000,0.000,937.0,0.0,ok
175,2,Meñique — Palmar,8,6,0.000,0.000,500.0,0.0,ok
176,2,Meñique — Palmar,8,7,0.000,0.000,1283.0,0.0,ok
177,2,Meñique — Palmar,9,0,0.000,0.000,596.0,0.0,ok
178,2,Meñique — Palmar,9,1,0.000,0.000,557.0,0.0,ok
179,2,Meñique — Palmar,9,2,0.000,0.000,731.0,0.0,ok
180,2,Meñique — Palmar,9,3,0.000,0.000,755.0,0.0,ok
181,2,Meñique — Palmar,9,4,0.000,0.000,1103.0,0.0,ok
182,2,Meñique — Palmar,9,5,0.000,0.000,1118.0,0.0,ok
183,2,Meñique — Palmar,9,6,0.000,0.000,950.0,0.0,ok
184,2,Meñique — Palmar,9,7,0.000,0.000,1058.0,0.0,ok
185,3,Anular — Punta,0,0,0.000,0.000,2152.0,0.0,ok
186,3,Anular — Punta,0,1,0.000,0.000,2547.0,0.0,ok
187,3,Anular — Punta,0,2,0.000,0.000,2825.0,0.0,ok
188,3,Anular — Punta,1,0,0.000,0.000,2886.0,0.0,ok
189,3,Anular — Punta,1,1,0.000,0.000,2604.0,0.0,ok
190,3,Anular — Punta,1,2,0.000,0.000,1998.0,0.0,ok
191,3,Anular — Punta,2,0,181.707,56.373,-30.8,1.8,dead
192,3,Anular — Punta,2,1,363.840,7.094,-348.3,4.7,dead
193,3,Anular — Punta,2,2,0.000,0.000,0.0,0.0,stuck_low
194,4,Anular — Distal,0,0,0.000,0.000,166.0,0.0,ok
195,4,Anular — Distal,0,1,0.000,0.000,259.0,0.0,ok
196,4,Anular — Distal,0,2,0.000,0.000,514.0,0.0,ok
197,4,Anular — Distal,0,3,0.000,0.000,579.0,0.0,ok
198,4,Anular — Distal,0,4,0.000,0.000,494.0,0.0,ok
199,4,Anular — Distal,0,5,0.000,0.000,577.0,0.0,ok
200,4,Anular — Distal,0,6,0.000,0.000,625.0,0.0,ok
201,4,Anular — Distal,0,7,0.000,0.000,235.0,2.0,ok
202,4,Anular — Distal,1,0,0.000,0.000,211.0,83.0,ok
203,4,Anular — Distal,1,1,0.000,0.000,929.0,0.0,ok
204,4,Anular — Distal,1,2,0.000,0.000,894.0,0.0,ok
205,4,Anular — Distal,1,3,0.000,0.000,429.0,0.0,ok
206,4,Anular — Distal,1,4,0.000,0.000,1062.0,0.0,ok
207,4,Anular — Distal,1,5,0.000,0.000,1060.0,0.0,ok
208,4,Anular — Distal,1,6,0.000,0.000,341.0,0.0,ok
209,4,Anular — Distal,1,7,0.000,0.000,823.0,1.0,ok
210,4,Anular — Distal,2,0,0.000,0.000,172.0,0.0,ok
211,4,Anular — Distal,2,1,0.000,0.000,834.0,0.0,ok
212,4,Anular — Distal,2,2,0.000,0.000,1024.0,0.0,ok
213,4,Anular — Distal,2,3,0.000,0.000,750.0,0.0,ok
214,4,Anular — Distal,2,4,0.000,0.000,1097.0,0.0,ok
215,4,Anular — Distal,2,5,0.000,0.000,1101.0,0.0,ok
216,4,Anular — Distal,2,6,0.000,0.000,915.0,0.0,ok
217,4,Anular — Distal,2,7,6.220,1.022,993.0,2.0,noisy
218,4,Anular — Distal,3,0,0.000,0.000,729.0,148.0,ok
219,4,Anular — Distal,3,1,0.000,0.000,407.0,0.0,ok
220,4,Anular — Distal,3,2,0.000,0.000,481.0,0.0,ok
221,4,Anular — Distal,3,3,0.000,0.000,1233.0,0.0,ok
222,4,Anular — Distal,3,4,0.000,0.000,459.0,0.0,ok
223,4,Anular — Distal,3,5,0.000,0.000,387.0,0.0,ok
224,4,Anular — Distal,3,6,0.000,0.000,1117.0,0.0,ok
225,4,Anular — Distal,3,7,0.000,0.000,832.0,124.0,ok
226,4,Anular — Distal,4,0,0.000,0.000,480.0,153.0,ok
227,4,Anular — Distal,4,1,0.000,0.000,1008.0,7.0,ok
228,4,Anular — Distal,4,2,0.000,0.000,1170.0,0.0,ok
229,4,Anular — Distal,4,3,0.000,0.000,621.0,0.0,ok
230,4,Anular — Distal,4,4,0.000,0.000,1283.0,0.0,ok
231,4,Anular — Distal,4,5,0.000,0.000,1310.0,0.0,ok
232,4,Anular — Distal,4,6,0.000,0.000,881.0,0.0,ok
233,4,Anular — Distal,4,7,0.000,0.000,973.0,60.0,ok
234,4,Anular — Distal,5,0,0.000,0.000,207.0,1.5,ok
235,4,Anular — Distal,5,1,0.000,0.000,913.0,0.0,ok
236,4,Anular — Distal,5,2,0.000,0.000,1118.0,0.0,ok
237,4,Anular — Distal,5,3,0.000,0.000,227.0,0.0,ok
238,4,Anular — Distal,5,4,0.000,0.000,1308.0,0.0,ok
239,4,Anular — Distal,5,5,0.000,0.000,1267.0,0.0,ok
240,4,Anular — Distal,5,6,0.000,0.000,683.0,0.0,ok
241,4,Anular — Distal,5,7,0.000,0.000,946.0,0.0,ok
242,4,Anular — Distal,6,0,6.133,1.024,545.2,67.7,noisy
243,4,Anular — Distal,6,1,0.000,0.000,432.0,36.0,ok
244,4,Anular — Distal,6,2,0.000,0.000,1100.0,0.0,ok
245,4,Anular — Distal,6,3,0.000,0.000,1323.0,0.0,ok
246,4,Anular — Distal,6,4,0.000,0.000,889.0,0.0,ok
247,4,Anular — Distal,6,5,0.000,0.000,1135.0,0.0,ok
248,4,Anular — Distal,6,6,0.000,0.000,1262.0,0.0,ok
249,4,Anular — Distal,6,7,0.000,0.000,942.0,15.0,ok
250,4,Anular — Distal,7,0,0.000,0.000,425.0,0.0,ok
251,4,Anular — Distal,7,1,0.000,0.000,469.0,0.0,ok
252,4,Anular — Distal,7,2,0.000,0.000,1019.0,0.0,ok
253,4,Anular — Distal,7,3,0.000,0.000,822.0,0.0,ok
254,4,Anular — Distal,7,4,0.000,0.000,1292.0,0.0,ok
255,4,Anular — Distal,7,5,0.000,0.000,1432.0,0.0,ok
256,4,Anular — Distal,7,6,0.000,0.000,1258.0,2.0,ok
257,4,Anular — Distal,7,7,0.000,0.000,909.0,0.0,ok
258,4,Anular — Distal,8,0,0.000,0.000,0.0,76.0,stuck_low
259,4,Anular — Distal,8,1,0.000,0.000,669.0,0.0,ok
260,4,Anular — Distal,8,2,0.000,0.000,312.0,0.0,ok
261,4,Anular — Distal,8,3,0.000,0.000,322.0,0.0,ok
262,4,Anular — Distal,8,4,0.000,0.000,1243.0,0.0,ok
263,4,Anular — Distal,8,5,0.000,0.000,1300.0,0.0,ok
264,4,Anular — Distal,8,6,0.000,0.000,406.0,18.0,ok
265,4,Anular — Distal,8,7,0.000,0.000,819.0,28.0,ok
266,4,Anular — Distal,9,0,0.000,0.000,244.0,0.0,ok
267,4,Anular — Distal,9,1,0.000,0.000,248.0,1.0,ok
268,4,Anular — Distal,9,2,0.000,0.000,860.0,0.0,ok
269,4,Anular — Distal,9,3,0.000,0.000,1014.0,0.0,ok
270,4,Anular — Distal,9,4,0.000,0.000,789.0,0.0,ok
271,4,Anular — Distal,9,5,0.000,0.000,1089.0,0.0,ok
272,4,Anular — Distal,9,6,0.000,0.000,1076.0,20.0,ok
273,4,Anular — Distal,9,7,0.000,0.000,557.0,3.0,ok
274,4,Anular — Distal,10,0,21.453,4.661,285.0,13.3,noisy
275,4,Anular — Distal,10,1,0.000,0.000,203.0,0.0,ok
276,4,Anular — Distal,10,2,0.000,0.000,746.0,0.0,ok
277,4,Anular — Distal,10,3,0.000,0.000,874.0,0.0,ok
278,4,Anular — Distal,10,4,0.000,0.000,581.0,0.0,ok
279,4,Anular — Distal,10,5,0.000,0.000,806.0,0.0,ok
280,4,Anular — Distal,10,6,14.117,0.810,811.7,3.7,noisy
281,4,Anular — Distal,10,7,0.000,0.000,355.0,0.0,ok
282,4,Anular — Distal,11,0,0.000,0.000,-9.5,0.0,stuck_low
283,4,Anular — Distal,11,1,0.000,0.000,283.0,0.0,ok
284,4,Anular — Distal,11,2,0.000,0.000,65.0,0.0,ok
285,4,Anular — Distal,11,3,0.000,0.000,0.0,0.0,stuck_low
286,4,Anular — Distal,11,4,0.000,0.000,480.0,0.0,ok
287,4,Anular — Distal,11,5,0.000,0.000,380.0,0.0,ok
288,4,Anular — Distal,11,6,0.000,0.000,0.0,0.0,stuck_low
289,4,Anular — Distal,11,7,0.000,0.000,110.0,0.0,ok
290,5,Anular — Palmar,0,0,0.000,0.000,80.0,0.0,ok
291,5,Anular — Palmar,0,1,0.000,0.000,74.0,0.0,ok
292,5,Anular — Palmar,0,2,0.000,0.000,530.0,0.0,ok
293,5,Anular — Palmar,0,3,0.000,0.000,62.0,0.0,ok
294,5,Anular — Palmar,0,4,0.000,0.000,219.0,0.0,ok
295,5,Anular — Palmar,0,5,0.000,0.000,809.0,0.0,ok
296,5,Anular — Palmar,0,6,0.000,0.000,27.0,0.0,ok
297,5,Anular — Palmar,0,7,0.000,0.000,124.0,0.0,ok
298,5,Anular — Palmar,1,0,0.000,0.000,812.0,3.0,ok
299,5,Anular — Palmar,1,1,0.000,0.000,825.0,0.0,ok
300,5,Anular — Palmar,1,2,0.000,0.000,33.0,0.0,ok
301,5,Anular — Palmar,1,3,0.000,0.000,919.0,0.0,ok
302,5,Anular — Palmar,1,4,0.000,0.000,1023.0,0.0,ok
303,5,Anular — Palmar,1,5,0.000,0.000,255.0,0.0,ok
304,5,Anular — Palmar,1,6,0.000,0.000,848.0,0.0,ok
305,5,Anular — Palmar,1,7,0.000,0.000,967.0,0.0,ok
306,5,Anular — Palmar,2,0,0.000,0.000,891.5,21.5,ok
307,5,Anular — Palmar,2,1,0.000,0.000,848.0,0.0,ok
308,5,Anular — Palmar,2,2,0.000,0.000,51.0,0.0,ok
309,5,Anular — Palmar,2,3,0.000,0.000,1106.0,0.0,ok
310,5,Anular — Palmar,2,4,0.003,0.058,1134.0,0.0,noisy
311,5,Anular — Palmar,2,5,0.000,0.000,286.0,0.0,ok
312,5,Anular — Palmar,2,6,0.000,0.000,955.0,0.0,ok
313,5,Anular — Palmar,2,7,0.000,0.000,1280.0,0.0,ok
314,5,Anular — Palmar,3,0,0.000,0.000,451.0,0.0,ok
315,5,Anular — Palmar,3,1,0.000,0.000,465.0,0.0,ok
316,5,Anular — Palmar,3,2,0.000,0.000,1034.0,0.0,ok
317,5,Anular — Palmar,3,3,0.000,0.000,518.0,0.0,ok
318,5,Anular — Palmar,3,4,0.000,0.000,359.0,9.0,ok
319,5,Anular — Palmar,3,5,0.000,0.000,1100.0,0.0,ok
320,5,Anular — Palmar,3,6,0.000,0.000,892.0,0.0,ok
321,5,Anular — Palmar,3,7,0.000,0.000,420.0,0.0,ok
322,5,Anular — Palmar,4,0,0.000,0.000,836.0,0.0,ok
323,5,Anular — Palmar,4,1,0.000,0.000,957.0,17.3,ok
324,5,Anular — Palmar,4,2,0.000,0.000,825.0,0.0,ok
325,5,Anular — Palmar,4,3,0.000,0.000,1031.0,0.0,ok
326,5,Anular — Palmar,4,4,0.000,0.000,1037.0,0.0,ok
327,5,Anular — Palmar,4,5,0.000,0.000,1005.0,0.0,ok
328,5,Anular — Palmar,4,6,0.000,0.000,1121.0,0.0,ok
329,5,Anular — Palmar,4,7,0.000,0.000,906.0,0.0,ok
330,5,Anular — Palmar,5,0,0.057,0.283,873.0,0.0,noisy
331,5,Anular — Palmar,5,1,0.000,0.000,1040.0,12.0,ok
332,5,Anular — Palmar,5,2,0.000,0.000,144.0,0.0,ok
333,5,Anular — Palmar,5,3,0.000,0.000,959.0,0.0,ok
334,5,Anular — Palmar,5,4,0.000,0.000,1211.0,0.0,ok
335,5,Anular — Palmar,5,5,0.000,0.000,291.0,0.0,ok
336,5,Anular — Palmar,5,6,0.000,0.000,1084.0,0.0,ok
337,5,Anular — Palmar,5,7,0.000,0.000,1440.0,23.0,ok
338,5,Anular — Palmar,6,0,0.000,0.000,898.0,0.0,ok
339,5,Anular — Palmar,6,1,0.000,0.000,1019.0,10.7,ok
340,5,Anular — Palmar,6,2,0.000,0.000,1100.0,0.0,ok
341,5,Anular — Palmar,6,3,0.000,0.000,1147.0,0.0,ok
342,5,Anular — Palmar,6,4,0.000,0.000,1119.0,0.0,ok
343,5,Anular — Palmar,6,5,0.000,0.000,1245.0,0.0,ok
344,5,Anular — Palmar,6,6,0.000,0.000,1310.0,0.0,ok
345,5,Anular — Palmar,6,7,0.000,0.000,1058.0,19.2,ok
346,5,Anular — Palmar,7,0,0.000,0.000,463.0,0.0,ok
347,5,Anular — Palmar,7,1,0.000,0.000,397.0,0.0,ok
348,5,Anular — Palmar,7,2,0.000,0.000,1126.0,0.0,ok
349,5,Anular — Palmar,7,3,0.000,0.000,759.0,0.0,ok
350,5,Anular — Palmar,7,4,0.010,0.129,409.0,0.0,noisy
351,5,Anular — Palmar,7,5,0.000,0.000,1194.0,0.0,ok
352,5,Anular — Palmar,7,6,0.000,0.000,967.0,0.0,ok
353,5,Anular — Palmar,7,7,0.593,1.717,442.0,4.0,noisy
354,5,Anular — Palmar,8,0,0.000,0.000,1078.7,1.0,ok
355,5,Anular — Palmar,8,1,0.000,0.000,925.0,0.0,ok
356,5,Anular — Palmar,8,2,0.000,0.000,214.0,0.0,ok
357,5,Anular — Palmar,8,3,0.000,0.000,915.0,0.0,ok
358,5,Anular — Palmar,8,4,0.000,0.000,761.0,0.0,ok
359,5,Anular — Palmar,8,5,0.000,0.000,190.0,0.0,ok
360,5,Anular — Palmar,8,6,0.000,0.000,951.0,0.0,ok
361,5,Anular — Palmar,8,7,0.000,0.000,1082.0,0.0,ok
362,5,Anular — Palmar,9,0,0.000,0.000,1144.0,0.0,ok
363,5,Anular — Palmar,9,1,0.000,0.000,1044.0,0.0,ok
364,5,Anular — Palmar,9,2,0.000,0.000,115.0,0.0,ok
365,5,Anular — Palmar,9,3,0.000,0.000,981.0,0.0,ok
366,5,Anular — Palmar,9,4,0.000,0.000,1047.0,0.0,ok
367,5,Anular — Palmar,9,5,0.000,0.000,195.0,0.0,ok
368,5,Anular — Palmar,9,6,0.000,0.000,880.0,0.0,ok
369,5,Anular — Palmar,9,7,0.000,0.000,1468.0,0.0,ok
370,6,Medio — Punta,0,0,0.000,0.000,,0.0,unknown
371,6,Medio — Punta,0,1,0.000,0.000,,0.0,unknown
372,6,Medio — Punta,0,2,0.000,0.000,,0.0,unknown
373,6,Medio — Punta,1,0,0.000,0.000,,0.0,unknown
374,6,Medio — Punta,1,1,0.000,0.000,,0.0,unknown
375,6,Medio — Punta,1,2,0.000,0.000,,0.0,unknown
376,6,Medio — Punta,2,0,0.000,0.000,,0.0,unknown
377,6,Medio — Punta,2,1,0.000,0.000,,0.0,unknown
378,6,Medio — Punta,2,2,0.000,0.000,,0.0,unknown
379,7,Medio — Distal,0,0,0.000,0.000,145.0,0.0,ok
380,7,Medio — Distal,0,1,0.000,0.000,0.0,0.0,stuck_low
381,7,Medio — Distal,0,2,0.000,0.000,0.0,0.0,stuck_low
382,7,Medio — Distal,0,3,0.000,0.000,0.0,0.0,stuck_low
383,7,Medio — Distal,0,4,0.000,0.000,74.0,0.0,ok
384,7,Medio — Distal,0,5,0.000,0.000,0.0,0.0,stuck_low
385,7,Medio — Distal,0,6,0.000,0.000,0.0,0.0,stuck_low
386,7,Medio — Distal,0,7,0.000,0.000,0.0,0.0,stuck_low
387,7,Medio — Distal,1,0,0.000,0.000,270.0,0.0,ok
388,7,Medio — Distal,1,1,0.000,0.000,213.0,0.0,ok
389,7,Medio — Distal,1,2,0.000,0.000,141.0,0.0,ok
390,7,Medio — Distal,1,3,0.000,0.000,188.0,0.0,ok
391,7,Medio — Distal,1,4,0.000,0.000,33.0,0.0,ok
392,7,Medio — Distal,1,5,0.000,0.000,95.0,0.0,ok
393,7,Medio — Distal,1,6,0.000,0.000,137.0,0.0,ok
394,7,Medio — Distal,1,7,0.000,0.000,74.0,0.0,ok
395,7,Medio — Distal,2,0,0.000,0.000,216.0,0.0,ok
396,7,Medio — Distal,2,1,0.000,0.000,142.0,0.0,ok
397,7,Medio — Distal,2,2,0.000,0.000,172.0,0.0,ok
398,7,Medio — Distal,2,3,0.000,0.000,210.0,0.0,ok
399,7,Medio — Distal,2,4,0.000,0.000,252.0,0.0,ok
400,7,Medio — Distal,2,5,0.000,0.000,134.0,0.0,ok
401,7,Medio — Distal,2,6,0.000,0.000,232.0,0.0,ok
402,7,Medio — Distal,2,7,0.000,0.000,225.0,0.0,ok
403,7,Medio — Distal,3,0,0.000,0.000,0.0,0.0,stuck_low
404,7,Medio — Distal,3,1,0.000,0.000,0.0,0.0,stuck_low
405,7,Medio — Distal,3,2,0.000,0.000,0.0,0.0,stuck_low
406,7,Medio — Distal,3,3,0.000,0.000,10.0,0.0,stuck_low
407,7,Medio — Distal,3,4,0.000,0.000,43.0,0.0,ok
408,7,Medio — Distal,3,5,0.000,0.000,0.0,0.0,stuck_low
409,7,Medio — Distal,3,6,0.000,0.000,0.0,0.0,stuck_low
410,7,Medio — Distal,3,7,0.000,0.000,0.0,0.0,stuck_low
411,7,Medio — Distal,4,0,0.000,0.000,354.0,0.0,ok
412,7,Medio — Distal,4,1,0.000,0.000,323.0,0.0,ok
413,7,Medio — Distal,4,2,0.000,0.000,153.0,0.0,ok
414,7,Medio — Distal,4,3,0.000,0.000,157.0,0.0,ok
415,7,Medio — Distal,4,4,0.000,0.000,143.0,0.0,ok
416,7,Medio — Distal,4,5,0.000,0.000,209.0,0.0,ok
417,7,Medio — Distal,4,6,0.000,0.000,492.0,0.0,ok
418,7,Medio — Distal,4,7,0.000,0.000,640.0,0.0,ok
419,7,Medio — Distal,5,0,0.000,0.000,263.0,0.0,ok
420,7,Medio — Distal,5,1,0.000,0.000,0.0,0.0,stuck_low
421,7,Medio — Distal,5,2,0.000,0.000,0.0,0.0,stuck_low
422,7,Medio — Distal,5,3,0.000,0.000,148.0,0.0,ok
423,7,Medio — Distal,5,4,0.000,0.000,39.0,0.0,ok
424,7,Medio — Distal,5,5,0.000,0.000,0.0,0.0,stuck_low
425,7,Medio — Distal,5,6,0.000,0.000,43.0,0.0,ok
426,7,Medio — Distal,5,7,0.000,0.000,337.0,0.0,ok
427,7,Medio — Distal,6,0,0.000,0.000,420.0,0.0,ok
428,7,Medio — Distal,6,1,0.000,0.000,437.0,0.0,ok
429,7,Medio — Distal,6,2,0.000,0.000,322.0,0.0,ok
430,7,Medio — Distal,6,3,0.000,0.000,219.0,0.0,ok
431,7,Medio — Distal,6,4,0.000,0.000,298.0,0.0,ok
432,7,Medio — Distal,6,5,0.000,0.000,390.0,0.0,ok
433,7,Medio — Distal,6,6,0.000,0.000,462.0,0.0,ok
434,7,Medio — Distal,6,7,0.000,0.000,626.0,0.0,ok
435,7,Medio — Distal,7,0,0.000,0.000,554.0,0.0,ok
436,7,Medio — Distal,7,1,0.000,0.000,442.0,0.0,ok
437,7,Medio — Distal,7,2,0.000,0.000,290.0,0.0,ok
438,7,Medio — Distal,7,3,0.000,0.000,304.0,0.0,ok
439,7,Medio — Distal,7,4,0.000,0.000,303.0,0.0,ok
440,7,Medio — Distal,7,5,0.000,0.000,233.0,0.0,ok
441,7,Medio — Distal,7,6,0.000,0.000,539.0,0.0,ok
442,7,Medio — Distal,7,7,0.000,0.000,662.0,0.0,ok
443,7,Medio — Distal,8,0,0.000,0.000,473.0,0.0,ok
444,7,Medio — Distal,8,1,0.000,0.000,472.0,0.0,ok
445,7,Medio — Distal,8,2,0.000,0.000,377.0,0.0,ok
446,7,Medio — Distal,8,3,0.000,0.000,217.0,0.0,ok
447,7,Medio — Distal,8,4,0.000,0.000,231.0,0.0,ok
448,7,Medio — Distal,8,5,0.000,0.000,274.0,0.0,ok
449,7,Medio — Distal,8,6,0.000,0.000,295.0,0.0,ok
450,7,Medio — Distal,8,7,0.000,0.000,245.0,0.0,ok
451,7,Medio — Distal,9,0,0.000,0.000,466.0,0.0,ok
452,7,Medio — Distal,9,1,0.000,0.000,538.0,0.0,ok
453,7,Medio — Distal,9,2,0.000,0.000,510.0,0.0,ok
454,7,Medio — Distal,9,3,0.000,0.000,407.0,0.0,ok
455,7,Medio — Distal,9,4,0.000,0.000,211.0,0.0,ok
456,7,Medio — Distal,9,5,0.000,0.000,313.0,0.0,ok
457,7,Medio — Distal,9,6,0.000,0.000,329.0,0.0,ok
458,7,Medio — Distal,9,7,0.000,0.000,289.0,0.0,ok
459,7,Medio — Distal,10,0,0.000,0.000,221.0,0.0,ok
460,7,Medio — Distal,10,1,0.000,0.000,272.0,0.0,ok
461,7,Medio — Distal,10,2,0.000,0.000,286.0,0.0,ok
462,7,Medio — Distal,10,3,0.000,0.000,340.0,0.0,ok
463,7,Medio — Distal,10,4,0.000,0.000,279.0,0.0,ok
464,7,Medio — Distal,10,5,0.000,0.000,141.0,0.0,ok
465,7,Medio — Distal,10,6,0.000,0.000,132.0,0.0,ok
466,7,Medio — Distal,10,7,0.000,0.000,124.0,0.0,ok
467,7,Medio — Distal,11,0,0.000,0.000,35.0,0.0,ok
468,7,Medio — Distal,11,1,0.000,0.000,244.0,0.0,ok
469,7,Medio — Distal,11,2,0.000,0.000,234.0,0.0,ok
470,7,Medio — Distal,11,3,0.000,0.000,346.0,0.0,ok
471,7,Medio — Distal,11,4,0.000,0.000,281.0,0.0,ok
472,7,Medio — Distal,11,5,0.000,0.000,122.0,0.0,ok
473,7,Medio — Distal,11,6,0.000,0.000,54.0,0.0,ok
474,7,Medio — Distal,11,7,0.000,0.000,0.0,0.0,stuck_low
475,8,Medio — Palmar,0,0,0.000,0.000,38.0,0.0,ok
476,8,Medio — Palmar,0,1,0.000,0.000,45.0,0.0,ok
477,8,Medio — Palmar,0,2,0.000,0.000,0.0,0.0,stuck_low
478,8,Medio — Palmar,0,3,0.000,0.000,266.0,0.0,ok
479,8,Medio — Palmar,0,4,0.000,0.000,275.0,0.0,ok
480,8,Medio — Palmar,0,5,0.000,0.000,0.0,0.0,stuck_low
481,8,Medio — Palmar,0,6,0.000,0.000,180.0,0.0,ok
482,8,Medio — Palmar,0,7,0.000,0.000,368.0,0.0,ok
483,8,Medio — Palmar,1,0,0.000,0.000,429.0,0.0,ok
484,8,Medio — Palmar,1,1,0.000,0.000,419.0,0.0,ok
485,8,Medio — Palmar,1,2,0.000,0.000,0.0,0.0,stuck_low
486,8,Medio — Palmar,1,3,0.000,0.000,542.0,0.0,ok
487,8,Medio — Palmar,1,4,0.000,0.000,573.0,0.0,ok
488,8,Medio — Palmar,1,5,0.000,0.000,70.0,0.0,ok
489,8,Medio — Palmar,1,6,0.000,0.000,428.0,0.0,ok
490,8,Medio — Palmar,1,7,10.767,0.959,390.0,5.0,noisy
491,8,Medio — Palmar,2,0,0.153,0.781,369.2,12.0,noisy
492,8,Medio — Palmar,2,1,0.000,0.000,571.0,0.0,ok
493,8,Medio — Palmar,2,2,0.000,0.000,650.0,0.0,ok
494,8,Medio — Palmar,2,3,0.000,0.000,299.0,0.0,ok
495,8,Medio — Palmar,2,4,0.000,0.000,346.0,0.0,ok
496,8,Medio — Palmar,2,5,0.000,0.000,712.0,0.0,ok
497,8,Medio — Palmar,2,6,0.000,0.000,276.0,0.0,ok
498,8,Medio — Palmar,2,7,0.317,0.690,341.0,0.0,noisy
499,8,Medio — Palmar,3,0,0.000,0.000,593.5,11.0,ok
500,8,Medio — Palmar,3,1,0.000,0.000,856.0,0.0,ok
501,8,Medio — Palmar,3,2,0.000,0.000,426.0,0.0,ok
502,8,Medio — Palmar,3,3,0.000,0.000,786.0,0.0,ok
503,8,Medio — Palmar,3,4,0.000,0.000,752.0,0.0,ok
504,8,Medio — Palmar,3,5,2.450,2.922,234.0,8.0,noisy
505,8,Medio — Palmar,3,6,0.000,0.000,758.0,0.0,ok
506,8,Medio — Palmar,3,7,19.643,2.870,666.2,11.7,noisy
507,8,Medio — Palmar,4,0,0.000,0.000,1040.0,0.0,ok
508,8,Medio — Palmar,4,1,0.000,0.000,743.0,0.0,ok
509,8,Medio — Palmar,4,2,0.000,0.000,108.0,0.0,ok
510,8,Medio — Palmar,4,3,0.000,0.000,670.0,0.0,ok
511,8,Medio — Palmar,4,4,0.000,0.000,596.0,0.0,ok
512,8,Medio — Palmar,4,5,6.960,5.465,139.0,10.0,noisy
513,8,Medio — Palmar,4,6,0.000,0.000,356.0,0.0,ok
514,8,Medio — Palmar,4,7,0.000,0.000,650.0,0.0,ok
515,8,Medio — Palmar,5,0,5.633,6.418,903.0,3.3,noisy
516,8,Medio — Palmar,5,1,0.000,0.000,1098.0,0.0,ok
517,8,Medio — Palmar,5,2,0.000,0.000,1039.0,0.0,ok
518,8,Medio — Palmar,5,3,0.000,0.000,801.0,0.0,ok
519,8,Medio — Palmar,5,4,0.000,0.000,794.0,0.0,ok
520,8,Medio — Palmar,5,5,0.000,0.000,865.0,4.8,ok
521,8,Medio — Palmar,5,6,0.000,0.000,830.0,0.0,ok
522,8,Medio — Palmar,5,7,0.000,0.000,405.0,0.0,ok
523,8,Medio — Palmar,6,0,10.560,10.058,382.3,8.0,noisy
524,8,Medio — Palmar,6,1,0.000,0.000,896.0,0.0,ok
525,8,Medio — Palmar,6,2,0.000,0.000,1017.0,0.0,ok
526,8,Medio — Palmar,6,3,0.000,0.000,477.0,0.0,ok
527,8,Medio — Palmar,6,4,0.000,0.000,602.0,0.0,ok
528,8,Medio — Palmar,6,5,0.000,0.000,955.0,0.0,ok
529,8,Medio — Palmar,6,6,0.000,0.000,634.0,0.0,ok
530,8,Medio — Palmar,6,7,0.000,0.000,310.0,0.0,ok
531,8,Medio — Palmar,7,0,9.193,7.531,1332.0,16.8,noisy
532,8,Medio — Palmar,7,1,0.000,0.000,1129.0,0.0,ok
533,8,Medio — Palmar,7,2,0.000,0.000,350.0,0.0,ok
534,8,Medio — Palmar,7,3,0.000,0.000,1029.0,0.0,ok
535,8,Medio — Palmar,7,4,0.000,0.000,1047.0,0.0,ok
536,8,Medio — Palmar,7,5,0.000,0.000,327.0,0.0,ok
537,8,Medio — Palmar,7,6,0.000,0.000,1012.0,0.0,ok
538,8,Medio — Palmar,7,7,0.000,0.000,1017.0,0.0,ok
539,8,Medio — Palmar,8,0,0.000,0.000,1227.0,5.3,ok
540,8,Medio — Palmar,8,1,0.000,0.000,1068.0,0.0,ok
541,8,Medio — Palmar,8,2,0.000,0.000,369.0,0.0,ok
542,8,Medio — Palmar,8,3,0.000,0.000,1070.0,0.0,ok
543,8,Medio — Palmar,8,4,0.000,0.000,1002.0,0.0,ok
544,8,Medio — Palmar,8,5,0.000,0.000,494.0,0.0,ok
545,8,Medio — Palmar,8,6,0.000,0.000,1011.0,0.0,ok
546,8,Medio — Palmar,8,7,0.000,0.000,707.0,0.0,ok
547,8,Medio — Palmar,9,0,0.000,0.000,452.0,0.0,ok
548,8,Medio — Palmar,9,1,0.000,0.000,482.0,0.0,ok
549,8,Medio — Palmar,9,2,0.000,0.000,1135.0,0.0,ok
550,8,Medio — Palmar,9,3,0.000,0.000,355.0,0.0,ok
551,8,Medio — Palmar,9,4,0.000,0.000,326.0,0.0,ok
552,8,Medio — Palmar,9,5,0.000,0.000,915.0,0.0,ok
553,8,Medio — Palmar,9,6,0.000,0.000,551.0,0.0,ok
554,8,Medio — Palmar,9,7,0.000,0.000,295.0,0.0,ok
555,9,Índice — Punta,0,0,0.000,0.000,1930.0,0.0,ok
556,9,Índice — Punta,0,1,0.000,0.000,1615.0,0.0,ok
557,9,Índice — Punta,0,2,0.000,0.000,1426.0,0.0,ok
558,9,Índice — Punta,1,0,0.000,0.000,1985.0,1.0,ok
559,9,Índice — Punta,1,1,0.000,0.000,2062.0,0.0,ok
560,9,Índice — Punta,1,2,0.000,0.000,1802.0,0.0,ok
561,9,Índice — Punta,2,0,0.000,0.000,1391.0,0.0,ok
562,9,Índice — Punta,2,1,0.000,0.000,1434.0,12.8,ok
563,9,Índice — Punta,2,2,16.313,14.187,1173.0,9.5,noisy
564,10,Índice — Distal,0,0,0.000,0.000,23.0,12.5,ok
565,10,Índice — Distal,0,1,0.000,0.000,0.0,0.0,stuck_low
566,10,Índice — Distal,0,2,0.000,0.000,0.0,0.0,stuck_low
567,10,Índice — Distal,0,3,0.000,0.000,51.0,0.0,ok
568,10,Índice — Distal,0,4,0.000,0.000,0.0,0.0,stuck_low
569,10,Índice — Distal,0,5,0.000,0.000,11.0,0.0,stuck_low
570,10,Índice — Distal,0,6,0.000,0.000,7.0,0.0,stuck_low
571,10,Índice — Distal,0,7,0.000,0.000,0.0,0.0,stuck_low
572,10,Índice — Distal,1,0,0.000,0.000,178.8,98.0,ok
573,10,Índice — Distal,1,1,0.000,0.000,26.0,6.0,ok
574,10,Índice — Distal,1,2,0.000,0.000,171.0,0.0,ok
575,10,Índice — Distal,1,3,0.000,0.000,113.0,0.0,ok
576,10,Índice — Distal,1,4,0.000,0.000,120.0,0.0,ok
577,10,Índice — Distal,1,5,0.000,0.000,129.0,0.0,ok
578,10,Índice — Distal,1,6,0.000,0.000,0.0,0.0,stuck_low
579,10,Índice — Distal,1,7,1.267,1.660,101.8,4.2,noisy
580,10,Índice — Distal,2,0,0.000,0.000,0.0,0.0,stuck_low
581,10,Índice — Distal,2,1,0.000,0.000,350.0,16.0,ok
582,10,Índice — Distal,2,2,0.000,0.000,162.0,0.0,ok
583,10,Índice — Distal,2,3,0.000,0.000,155.0,0.0,ok
584,10,Índice — Distal,2,4,0.000,0.000,349.0,0.0,ok
585,10,Índice — Distal,2,5,0.000,0.000,225.0,0.0,ok
586,10,Índice — Distal,2,6,0.000,0.000,0.0,0.0,stuck_low
587,10,Índice — Distal,2,7,0.000,0.000,285.0,0.0,ok
588,10,Índice — Distal,3,0,0.000,0.000,476.0,50.0,ok
589,10,Índice — Distal,3,1,0.000,0.000,298.0,8.0,ok
590,10,Índice — Distal,3,2,0.000,0.000,678.0,0.0,ok
591,10,Índice — Distal,3,3,0.000,0.000,682.0,0.0,ok
592,10,Índice — Distal,3,4,0.000,0.000,259.0,0.0,ok
593,10,Índice — Distal,3,5,0.000,0.000,344.0,0.0,ok
594,10,Índice — Distal,3,6,0.000,0.000,498.0,0.0,ok
595,10,Índice — Distal,3,7,0.030,0.171,345.0,17.0,noisy
596,10,Índice — Distal,4,0,0.000,0.000,474.0,5.0,ok
597,10,Índice — Distal,4,1,0.000,0.000,274.0,22.0,ok
598,10,Índice — Distal,4,2,0.000,0.000,748.0,2.0,ok
599,10,Índice — Distal,4,3,0.000,0.000,750.0,0.0,ok
600,10,Índice — Distal,4,4,0.000,0.000,257.0,0.0,ok
601,10,Índice — Distal,4,5,0.000,0.000,580.0,0.0,ok
602,10,Índice — Distal,4,6,0.000,0.000,381.0,0.0,ok
603,10,Índice — Distal,4,7,0.000,0.000,544.0,87.0,ok
604,10,Índice — Distal,5,0,0.000,0.000,387.0,4.0,ok
605,10,Índice — Distal,5,1,0.000,0.000,801.0,0.0,ok
606,10,Índice — Distal,5,2,0.000,0.000,191.0,0.0,ok
607,10,Índice — Distal,5,3,0.000,0.000,190.0,0.0,ok
608,10,Índice — Distal,5,4,0.000,0.000,803.0,0.0,ok
609,10,Índice — Distal,5,5,0.000,0.000,392.0,0.0,ok
610,10,Índice — Distal,5,6,0.000,0.000,223.0,0.0,ok
611,10,Índice — Distal,5,7,0.000,0.000,31.0,0.0,ok
612,10,Índice — Distal,6,0,0.000,0.000,795.0,8.5,ok
613,10,Índice — Distal,6,1,0.000,0.000,657.0,34.0,ok
614,10,Índice — Distal,6,2,0.000,0.000,1055.0,7.0,ok
615,10,Índice — Distal,6,3,0.000,0.000,999.0,0.0,ok
616,10,Índice — Distal,6,4,0.000,0.000,689.0,0.0,ok
617,10,Índice — Distal,6,5,0.000,0.000,950.0,0.0,ok
618,10,Índice — Distal,6,6,0.000,0.000,862.0,0.0,ok
619,10,Índice — Distal,6,7,0.000,0.000,522.0,0.0,ok
620,10,Índice — Distal,7,0,0.000,0.000,641.0,0.0,ok
621,10,Índice — Distal,7,1,0.000,0.000,455.0,33.0,ok
622,10,Índice — Distal,7,2,0.000,0.000,828.0,7.0,ok
623,10,Índice — Distal,7,3,0.000,0.000,762.0,0.0,ok
624,10,Índice — Distal,7,4,0.000,0.000,337.0,0.0,ok
625,10,Índice — Distal,7,5,0.000,0.000,936.0,0.0,ok
626,10,Índice — Distal,7,6,0.000,0.000,946.0,0.0,ok
627,10,Índice — Distal,7,7,0.000,0.000,592.0,2.8,ok
628,10,Índice — Distal,8,0,0.000,0.000,901.2,63.0,ok
629,10,Índice — Distal,8,1,0.000,0.000,982.0,18.0,ok
630,10,Índice — Distal,8,2,0.000,0.000,529.0,0.0,ok
631,10,Índice — Distal,8,3,0.000,0.000,270.0,0.0,ok
632,10,Índice — Distal,8,4,0.000,0.000,840.0,0.0,ok
633,10,Índice — Distal,8,5,0.000,0.000,783.0,0.0,ok
634,10,Índice — Distal,8,6,0.000,0.000,469.0,0.0,ok
635,10,Índice — Distal,8,7,0.000,0.000,626.0,0.0,ok
636,10,Índice — Distal,9,0,0.000,0.000,919.0,0.0,ok
637,10,Índice — Distal,9,1,0.000,0.000,1061.0,27.0,ok
638,10,Índice — Distal,9,2,0.000,0.000,1078.0,4.0,ok
639,10,Índice — Distal,9,3,0.000,0.000,886.0,0.0,ok
640,10,Índice — Distal,9,4,0.000,0.000,830.0,0.0,ok
641,10,Índice — Distal,9,5,0.000,0.000,892.0,0.0,ok
642,10,Índice — Distal,9,6,0.000,0.000,423.0,0.0,ok
643,10,Índice — Distal,9,7,0.000,0.000,688.0,0.0,ok
644,10,Índice — Distal,10,0,0.000,0.000,696.0,0.0,ok
645,10,Índice — Distal,10,1,6.587,1.141,442.0,6.0,noisy
646,10,Índice — Distal,10,2,0.000,0.000,844.0,0.0,ok
647,10,Índice — Distal,10,3,0.000,0.000,967.0,0.0,ok
648,10,Índice — Distal,10,4,0.000,0.000,466.0,0.0,ok
649,10,Índice — Distal,10,5,0.000,0.000,540.0,0.0,ok
650,10,Índice — Distal,10,6,0.000,0.000,774.0,0.0,ok
651,10,Índice — Distal,10,7,0.000,0.000,110.0,0.0,ok
652,10,Índice — Distal,11,0,0.000,0.000,384.0,1.0,ok
653,10,Índice — Distal,11,1,0.000,0.000,699.0,0.0,ok
654,10,Índice — Distal,11,2,0.000,0.000,719.0,0.0,ok
655,10,Índice — Distal,11,3,0.000,0.000,28.0,0.0,ok
656,10,Índice — Distal,11,4,0.000,0.000,724.0,0.0,ok
657,10,Índice — Distal,11,5,0.000,0.000,727.0,0.0,ok
658,10,Índice — Distal,11,6,0.000,0.000,0.0,0.0,stuck_low
659,10,Índice — Distal,11,7,0.000,0.000,448.0,16.0,ok
660,11,Índice — Palmar,0,0,0.000,0.000,0.0,0.0,stuck_low
661,11,Índice — Palmar,0,1,0.000,0.000,0.0,0.0,stuck_low
662,11,Índice — Palmar,0,2,0.000,0.000,0.0,0.0,stuck_low
663,11,Índice — Palmar,0,3,0.000,0.000,0.0,0.0,stuck_low
664,11,Índice — Palmar,0,4,0.000,0.000,0.0,0.0,stuck_low
665,11,Índice — Palmar,0,5,0.000,0.000,0.0,0.0,stuck_low
666,11,Índice — Palmar,0,6,0.000,0.000,0.0,0.0,stuck_low
667,11,Índice — Palmar,0,7,0.000,0.000,0.0,0.0,stuck_low
668,11,Índice — Palmar,1,0,0.000,0.000,229.0,0.0,ok
669,11,Índice — Palmar,1,1,0.000,0.000,113.0,0.0,ok
670,11,Índice — Palmar,1,2,0.000,0.000,93.0,0.0,ok
671,11,Índice — Palmar,1,3,0.000,0.000,344.0,0.0,ok
672,11,Índice — Palmar,1,4,0.000,0.000,239.0,0.0,ok
673,11,Índice — Palmar,1,5,0.000,0.000,5.0,0.0,stuck_low
674,11,Índice — Palmar,1,6,0.000,0.000,128.0,0.0,ok
675,11,Índice — Palmar,1,7,0.000,0.000,10.0,0.0,stuck_low
676,11,Índice — Palmar,2,0,0.000,0.000,545.0,0.0,ok
677,11,Índice — Palmar,2,1,0.000,0.000,422.0,0.0,ok
678,11,Índice — Palmar,2,2,0.000,0.000,109.0,0.0,ok
679,11,Índice — Palmar,2,3,0.000,0.000,162.0,0.0,ok
680,11,Índice — Palmar,2,4,0.000,0.000,319.0,0.0,ok
681,11,Índice — Palmar,2,5,0.000,0.000,126.0,0.0,ok
682,11,Índice — Palmar,2,6,0.000,0.000,369.0,0.0,ok
683,11,Índice — Palmar,2,7,0.000,0.000,343.0,0.0,ok
684,11,Índice — Palmar,3,0,9.710,3.070,724.8,10.0,noisy
685,11,Índice — Palmar,3,1,0.000,0.000,681.0,0.0,ok
686,11,Índice — Palmar,3,2,0.000,0.000,623.0,0.0,ok
687,11,Índice — Palmar,3,3,0.000,0.000,689.0,0.0,ok
688,11,Índice — Palmar,3,4,0.000,0.000,641.0,0.0,ok
689,11,Índice — Palmar,3,5,0.000,0.000,629.0,0.0,ok
690,11,Índice — Palmar,3,6,25.903,0.338,481.0,48.2,noisy
691,11,Índice — Palmar,3,7,0.000,0.000,327.0,0.0,ok
692,11,Índice — Palmar,4,0,0.000,0.000,382.0,0.0,ok
693,11,Índice — Palmar,4,1,0.000,0.000,521.0,0.0,ok
694,11,Índice — Palmar,4,2,0.000,0.000,912.0,0.0,ok
695,11,Índice — Palmar,4,3,0.000,0.000,516.0,0.0,ok
696,11,Índice — Palmar,4,4,0.000,0.000,356.0,0.0,ok
697,11,Índice — Palmar,4,5,0.000,0.000,908.0,0.0,ok
698,11,Índice — Palmar,4,6,0.000,0.000,305.0,0.0,ok
699,11,Índice — Palmar,4,7,0.000,0.000,277.0,0.0,ok
700,11,Índice — Palmar,5,0,0.000,0.000,1463.0,0.0,ok
701,11,Índice — Palmar,5,1,0.000,0.000,1064.0,0.0,ok
702,11,Índice — Palmar,5,2,0.000,0.000,342.0,0.0,ok
703,11,Índice — Palmar,5,3,0.000,0.000,1078.0,0.0,ok
704,11,Índice — Palmar,5,4,0.000,0.000,1137.0,0.0,ok
705,11,Índice — Palmar,5,5,0.000,0.000,331.0,0.0,ok
706,11,Índice — Palmar,5,6,0.000,0.000,1127.0,0.0,ok
707,11,Índice — Palmar,5,7,0.000,0.000,1161.0,0.0,ok
708,11,Índice — Palmar,6,0,0.000,0.000,1422.0,0.0,ok
709,11,Índice — Palmar,6,1,0.000,0.000,1318.0,0.0,ok
710,11,Índice — Palmar,6,2,0.000,0.000,607.0,0.0,ok
711,11,Índice — Palmar,6,3,0.000,0.000,1253.0,0.0,ok
712,11,Índice — Palmar,6,4,0.000,0.000,1199.0,0.0,ok
713,11,Índice — Palmar,6,5,0.000,0.000,760.0,0.0,ok
714,11,Índice — Palmar,6,6,0.000,0.000,1241.0,0.0,ok
715,11,Índice — Palmar,6,7,0.000,0.000,1103.0,0.0,ok
716,11,Índice — Palmar,7,0,0.000,0.000,494.0,0.0,ok
717,11,Índice — Palmar,7,1,0.000,0.000,639.0,0.0,ok
718,11,Índice — Palmar,7,2,0.000,0.000,1696.0,0.0,ok
719,11,Índice — Palmar,7,3,0.000,0.000,697.0,0.0,ok
720,11,Índice — Palmar,7,4,0.000,0.000,496.0,0.0,ok
721,11,Índice — Palmar,7,5,0.000,0.000,1534.0,0.0,ok
722,11,Índice — Palmar,7,6,0.000,0.000,787.0,12.0,ok
723,11,Índice — Palmar,7,7,0.000,0.000,435.0,0.0,ok
724,11,Índice — Palmar,8,0,0.000,0.000,1888.0,0.0,ok
725,11,Índice — Palmar,8,1,0.000,0.000,1758.0,0.0,ok
726,11,Índice — Palmar,8,2,0.000,0.000,1339.0,0.0,ok
727,11,Índice — Palmar,8,3,0.000,0.000,1890.0,0.0,ok
728,11,Índice — Palmar,8,4,0.000,0.000,1773.0,0.0,ok
729,11,Índice — Palmar,8,5,0.000,0.000,1338.0,0.0,ok
730,11,Índice — Palmar,8,6,0.000,0.000,1694.0,0.0,ok
731,11,Índice — Palmar,8,7,0.000,0.000,1721.0,0.0,ok
732,11,Índice — Palmar,9,0,0.000,0.000,2233.0,0.0,ok
733,11,Índice — Palmar,9,1,0.000,0.000,1961.0,0.0,ok
734,11,Índice — Palmar,9,2,0.000,0.000,699.0,0.0,ok
735,11,Índice — Palmar,9,3,0.000,0.000,1893.0,0.0,ok
736,11,Índice — Palmar,9,4,0.000,0.000,2107.0,0.0,ok
737,11,Índice — Palmar,9,5,0.000,0.000,644.0,0.0,ok
738,11,Índice — Palmar,9,6,0.000,0.000,1726.0,0.0,ok
739,11,Índice — Palmar,9,7,0.000,0.000,1993.0,0.0,ok
740,12,Pulgar — Punta,0,0,0.000,0.000,2833.0,0.0,ok
741,12,Pulgar — Punta,0,1,0.000,0.000,2508.0,0.0,ok
742,12,Pulgar — Punta,0,2,0.000,0.000,2398.0,0.0,ok
743,12,Pulgar — Punta,1,0,0.000,0.000,2521.0,0.0,ok
744,12,Pulgar — Punta,1,1,0.000,0.000,2748.0,0.0,ok
745,12,Pulgar — Punta,1,2,0.000,0.000,2753.0,0.0,ok
746,12,Pulgar — Punta,2,0,0.000,0.000,2747.0,0.0,ok
747,12,Pulgar — Punta,2,1,0.000,0.000,2894.0,0.0,ok
748,12,Pulgar — Punta,2,2,0.000,0.000,1887.0,0.0,ok
749,13,Pulgar — Distal,0,0,0.000,0.000,434.0,0.0,ok
750,13,Pulgar — Distal,0,1,0.000,0.000,466.0,0.0,ok
751,13,Pulgar — Distal,0,2,0.000,0.000,747.0,0.0,ok
752,13,Pulgar — Distal,0,3,0.000,0.000,535.0,0.0,ok
753,13,Pulgar — Distal,0,4,0.000,0.000,425.0,0.0,ok
754,13,Pulgar — Distal,0,5,0.000,0.000,887.0,0.0,ok
755,13,Pulgar — Distal,0,6,0.000,0.000,878.0,0.0,ok
756,13,Pulgar — Distal,0,7,0.000,0.000,488.0,4.0,ok
757,13,Pulgar — Distal,1,0,0.000,0.000,645.0,0.0,ok
758,13,Pulgar — Distal,1,1,0.000,0.000,796.0,0.0,ok
759,13,Pulgar — Distal,1,2,0.000,0.000,388.0,0.0,ok
760,13,Pulgar — Distal,1,3,0.000,0.000,906.0,0.0,ok
761,13,Pulgar — Distal,1,4,0.000,0.000,990.0,0.0,ok
762,13,Pulgar — Distal,1,5,0.000,0.000,918.0,0.0,ok
763,13,Pulgar — Distal,1,6,0.000,0.000,737.0,0.0,ok
764,13,Pulgar — Distal,1,7,2.553,2.126,833.0,5.3,noisy
765,13,Pulgar — Distal,2,0,0.000,0.000,837.0,0.0,ok
766,13,Pulgar — Distal,2,1,0.000,0.000,808.0,0.0,ok
767,13,Pulgar — Distal,2,2,0.000,0.000,351.0,0.0,ok
768,13,Pulgar — Distal,2,3,0.000,0.000,756.0,0.0,ok
769,13,Pulgar — Distal,2,4,0.000,0.000,973.0,0.0,ok
770,13,Pulgar — Distal,2,5,0.000,0.000,421.0,0.0,ok
771,13,Pulgar — Distal,2,6,0.000,0.000,543.0,0.0,ok
772,13,Pulgar — Distal,2,7,0.000,0.000,888.0,0.0,ok
773,13,Pulgar — Distal,3,0,0.000,0.000,535.0,0.0,ok
774,13,Pulgar — Distal,3,1,0.000,0.000,918.3,0.0,ok
775,13,Pulgar — Distal,3,2,0.000,0.000,1049.0,0.0,ok
776,13,Pulgar — Distal,3,3,0.000,0.000,900.0,0.0,ok
777,13,Pulgar — Distal,3,4,0.000,0.000,722.0,0.0,ok
778,13,Pulgar — Distal,3,5,0.000,0.000,1038.0,0.0,ok
779,13,Pulgar — Distal,3,6,0.000,0.000,980.0,0.0,ok
780,13,Pulgar — Distal,3,7,0.000,0.000,524.0,0.0,ok
781,13,Pulgar — Distal,4,0,0.000,0.000,741.0,0.0,ok
782,13,Pulgar — Distal,4,1,0.000,0.000,1032.0,0.0,ok
783,13,Pulgar — Distal,4,2,0.000,0.000,948.0,0.0,ok
784,13,Pulgar — Distal,4,3,0.000,0.000,984.0,0.0,ok
785,13,Pulgar — Distal,4,4,0.000,0.000,976.0,0.0,ok
786,13,Pulgar — Distal,4,5,0.000,0.000,894.0,0.0,ok
787,13,Pulgar — Distal,4,6,0.000,0.000,1016.0,1.2,ok
788,13,Pulgar — Distal,4,7,0.000,0.000,601.0,0.0,ok
789,13,Pulgar — Distal,5,0,0.000,0.000,1137.0,0.0,ok
790,13,Pulgar — Distal,5,1,0.000,0.000,373.0,0.0,ok
791,13,Pulgar — Distal,5,2,0.000,0.000,311.0,0.0,ok
792,13,Pulgar — Distal,5,3,0.000,0.000,1052.0,0.0,ok
793,13,Pulgar — Distal,5,4,0.000,0.000,1004.0,0.0,ok
794,13,Pulgar — Distal,5,5,0.000,0.000,423.0,0.0,ok
795,13,Pulgar — Distal,5,6,0.000,0.000,801.0,0.0,ok
796,13,Pulgar — Distal,5,7,0.000,0.000,1145.0,10.0,ok
797,13,Pulgar — Distal,6,0,0.000,0.000,757.0,0.0,ok
798,13,Pulgar — Distal,6,1,0.000,0.000,1113.0,0.0,ok
799,13,Pulgar — Distal,6,2,0.000,0.000,1135.0,0.0,ok
800,13,Pulgar — Distal,6,3,0.000,0.000,1027.0,0.0,ok
801,13,Pulgar — Distal,6,4,0.000,0.000,996.0,0.0,ok
802,13,Pulgar — Distal,6,5,0.000,0.000,752.0,0.0,ok
803,13,Pulgar — Distal,6,6,0.000,0.000,980.0,14.0,ok
804,13,Pulgar — Distal,6,7,0.000,0.000,817.0,0.0,ok
805,13,Pulgar — Distal,7,0,0.000,0.000,481.8,0.0,ok
806,13,Pulgar — Distal,7,1,0.000,0.000,954.0,0.0,ok
807,13,Pulgar — Distal,7,2,0.000,0.000,965.0,0.0,ok
808,13,Pulgar — Distal,7,3,0.000,0.000,317.0,0.0,ok
809,13,Pulgar — Distal,7,4,0.000,0.000,567.0,0.0,ok
810,13,Pulgar — Distal,7,5,0.000,0.000,956.0,0.0,ok
811,13,Pulgar — Distal,7,6,0.000,0.000,424.0,0.0,ok
812,13,Pulgar — Distal,7,7,0.000,0.000,451.0,0.0,ok
813,13,Pulgar — Distal,8,0,0.000,0.000,1046.0,0.0,ok
814,13,Pulgar — Distal,8,1,0.000,0.000,853.0,0.0,ok
815,13,Pulgar — Distal,8,2,0.000,0.000,574.0,0.0,ok
816,13,Pulgar — Distal,8,3,0.000,0.000,975.0,0.0,ok
817,13,Pulgar — Distal,8,4,0.000,0.000,935.0,0.0,ok
818,13,Pulgar — Distal,8,5,0.000,0.000,390.0,0.0,ok
819,13,Pulgar — Distal,8,6,0.000,0.000,929.0,0.0,ok
820,13,Pulgar — Distal,8,7,0.000,0.000,1058.0,0.0,ok
821,13,Pulgar — Distal,9,0,0.000,0.000,916.0,3.7,ok
822,13,Pulgar — Distal,9,1,0.000,0.000,979.0,0.0,ok
823,13,Pulgar — Distal,9,2,0.000,0.000,998.0,0.0,ok
824,13,Pulgar — Distal,9,3,0.000,0.000,922.0,0.0,ok
825,13,Pulgar — Distal,9,4,0.000,0.000,869.0,0.0,ok
826,13,Pulgar — Distal,9,5,0.000,0.000,393.0,0.0,ok
827,13,Pulgar — Distal,9,6,0.000,0.000,920.0,0.0,ok
828,13,Pulgar — Distal,9,7,0.000,0.000,959.0,13.0,ok
829,13,Pulgar — Distal,10,0,0.000,0.000,194.0,8.5,ok
830,13,Pulgar — Distal,10,1,0.000,0.000,839.0,0.0,ok
831,13,Pulgar — Distal,10,2,0.000,0.000,884.0,0.0,ok
832,13,Pulgar — Distal,10,3,0.000,0.000,165.0,0.0,ok
833,13,Pulgar — Distal,10,4,0.000,0.000,242.0,0.0,ok
834,13,Pulgar — Distal,10,5,0.000,0.000,910.0,0.0,ok
835,13,Pulgar — Distal,10,6,0.000,0.000,665.5,10.2,ok
836,13,Pulgar — Distal,10,7,0.000,0.000,291.0,8.8,ok
837,13,Pulgar — Distal,11,0,19.757,3.869,697.2,16.3,noisy
838,13,Pulgar — Distal,11,1,0.000,0.000,654.0,6.7,ok
839,13,Pulgar — Distal,11,2,0.000,0.000,700.0,0.0,ok
840,13,Pulgar — Distal,11,3,0.000,0.000,789.0,0.0,ok
841,13,Pulgar — Distal,11,4,0.010,0.099,908.0,2.0,noisy
842,13,Pulgar — Distal,11,5,54.893,1.014,525.0,5.5,noisy
843,13,Pulgar — Distal,11,6,0.000,0.000,800.0,18.0,ok
844,13,Pulgar — Distal,11,7,0.000,0.000,408.0,0.0,ok
845,14,Pulgar — Medio,0,0,0.000,0.000,0.0,0.0,stuck_low
846,14,Pulgar — Medio,0,1,0.000,0.000,733.0,0.0,ok
847,14,Pulgar — Medio,0,2,0.000,0.000,0.0,0.0,stuck_low
848,14,Pulgar — Medio,1,0,0.000,0.000,0.0,0.0,stuck_low
849,14,Pulgar — Medio,1,1,0.000,0.000,559.0,0.0,ok
850,14,Pulgar — Medio,1,2,0.000,0.000,0.0,0.0,stuck_low
851,14,Pulgar — Medio,2,0,0.000,0.000,0.0,0.0,stuck_low
852,14,Pulgar — Medio,2,1,0.000,0.000,0.0,0.0,stuck_low
853,14,Pulgar — Medio,2,2,0.000,0.000,0.0,0.0,stuck_low
854,15,Pulgar — Palmar,0,0,0.000,0.000,1078.0,0.0,ok
855,15,Pulgar — Palmar,0,1,0.000,0.000,448.0,0.0,ok
856,15,Pulgar — Palmar,0,2,0.000,0.000,780.0,0.0,ok
857,15,Pulgar — Palmar,0,3,0.000,0.000,797.0,0.0,ok
858,15,Pulgar — Palmar,0,4,0.000,0.000,365.0,0.0,ok
859,15,Pulgar — Palmar,0,5,0.000,0.000,724.0,0.0,ok
860,15,Pulgar — Palmar,0,6,0.000,0.000,421.0,0.0,ok
861,15,Pulgar — Palmar,0,7,0.000,0.000,59.0,0.0,ok
862,15,Pulgar — Palmar,1,0,0.000,0.000,885.0,0.0,ok
863,15,Pulgar — Palmar,1,1,0.000,0.000,864.0,0.0,ok
864,15,Pulgar — Palmar,1,2,0.000,0.000,838.0,0.0,ok
865,15,Pulgar — Palmar,1,3,0.000,0.000,798.0,0.0,ok
866,15,Pulgar — Palmar,1,4,0.000,0.000,749.0,0.0,ok
867,15,Pulgar — Palmar,1,5,0.000,0.000,812.0,0.0,ok
868,15,Pulgar — Palmar,1,6,0.000,0.000,737.0,0.0,ok
869,15,Pulgar — Palmar,1,7,0.000,0.000,0.0,0.0,stuck_low
870,15,Pulgar — Palmar,2,0,0.000,0.000,411.0,0.0,ok
871,15,Pulgar — Palmar,2,1,0.000,0.000,938.0,0.0,ok
872,15,Pulgar — Palmar,2,2,0.000,0.000,576.0,0.0,ok
873,15,Pulgar — Palmar,2,3,0.000,0.000,372.0,0.0,ok
874,15,Pulgar — Palmar,2,4,0.000,0.000,907.0,0.0,ok
875,15,Pulgar — Palmar,2,5,0.000,0.000,484.0,0.0,ok
876,15,Pulgar — Palmar,2,6,0.000,0.000,562.0,0.0,ok
877,15,Pulgar — Palmar,2,7,0.000,0.000,881.0,0.0,ok
878,15,Pulgar — Palmar,3,0,0.000,0.000,863.0,0.0,ok
879,15,Pulgar — Palmar,3,1,0.000,0.000,809.0,0.0,ok
880,15,Pulgar — Palmar,3,2,0.000,0.000,923.0,0.0,ok
881,15,Pulgar — Palmar,3,3,0.000,0.000,899.0,0.0,ok
882,15,Pulgar — Palmar,3,4,0.000,0.000,722.0,0.0,ok
883,15,Pulgar — Palmar,3,5,0.000,0.000,917.0,0.0,ok
884,15,Pulgar — Palmar,3,6,0.000,0.000,896.0,0.0,ok
885,15,Pulgar — Palmar,3,7,0.000,0.000,251.0,0.0,ok
886,15,Pulgar — Palmar,4,0,0.000,0.000,1122.0,0.0,ok
887,15,Pulgar — Palmar,4,1,0.000,0.000,449.0,0.0,ok
888,15,Pulgar — Palmar,4,2,0.000,0.000,587.0,0.0,ok
889,15,Pulgar — Palmar,4,3,0.000,0.000,953.0,0.0,ok
890,15,Pulgar — Palmar,4,4,0.000,0.000,457.0,0.0,ok
891,15,Pulgar — Palmar,4,5,0.000,0.000,781.0,0.0,ok
892,15,Pulgar — Palmar,4,6,0.000,0.000,888.0,0.0,ok
893,15,Pulgar — Palmar,4,7,0.000,0.000,0.0,0.0,stuck_low
894,15,Pulgar — Palmar,5,0,0.000,0.000,807.0,0.0,ok
895,15,Pulgar — Palmar,5,1,0.000,0.000,1091.0,0.0,ok
896,15,Pulgar — Palmar,5,2,0.000,0.000,1059.0,0.0,ok
897,15,Pulgar — Palmar,5,3,0.000,0.000,845.0,0.0,ok
898,15,Pulgar — Palmar,5,4,0.000,0.000,1031.0,0.0,ok
899,15,Pulgar — Palmar,5,5,0.000,0.000,958.0,0.0,ok
900,15,Pulgar — Palmar,5,6,0.000,0.000,679.0,0.0,ok
901,15,Pulgar — Palmar,5,7,0.000,0.000,1066.0,0.0,ok
902,15,Pulgar — Palmar,6,0,0.000,0.000,515.0,0.0,ok
903,15,Pulgar — Palmar,6,1,0.000,0.000,986.0,0.0,ok
904,15,Pulgar — Palmar,6,2,0.000,0.000,1076.0,0.0,ok
905,15,Pulgar — Palmar,6,3,0.000,0.000,893.0,0.0,ok
906,15,Pulgar — Palmar,6,4,0.000,0.000,933.0,0.0,ok
907,15,Pulgar — Palmar,6,5,0.000,0.000,1027.0,0.0,ok
908,15,Pulgar — Palmar,6,6,0.000,0.000,789.0,0.0,ok
909,15,Pulgar — Palmar,6,7,0.000,0.000,1039.0,0.0,ok
910,15,Pulgar — Palmar,7,0,0.000,0.000,1020.0,0.0,ok
911,15,Pulgar — Palmar,7,1,0.000,0.000,723.0,0.0,ok
912,15,Pulgar — Palmar,7,2,0.000,0.000,1121.0,0.0,ok
913,15,Pulgar — Palmar,7,3,0.000,0.000,1098.0,0.0,ok
914,15,Pulgar — Palmar,7,4,0.000,0.000,603.0,0.0,ok
915,15,Pulgar — Palmar,7,5,0.000,0.000,1078.0,0.0,ok
916,15,Pulgar — Palmar,7,6,0.000,0.000,1053.0,0.0,ok
917,15,Pulgar — Palmar,7,7,0.000,0.000,294.0,0.0,ok
918,15,Pulgar — Palmar,8,0,0.000,0.000,900.0,0.0,ok
919,15,Pulgar — Palmar,8,1,0.000,0.000,790.0,0.0,ok
920,15,Pulgar — Palmar,8,2,0.000,0.000,1026.0,0.0,ok
921,15,Pulgar — Palmar,8,3,0.000,0.000,951.0,0.0,ok
922,15,Pulgar — Palmar,8,4,0.000,0.000,1042.0,0.0,ok
923,15,Pulgar — Palmar,8,5,0.000,0.000,1091.0,0.0,ok
924,15,Pulgar — Palmar,8,6,0.000,0.000,838.0,0.0,ok
925,15,Pulgar — Palmar,8,7,0.000,0.000,816.0,0.0,ok
926,15,Pulgar — Palmar,9,0,0.000,0.000,320.0,0.0,ok
927,15,Pulgar — Palmar,9,1,0.000,0.000,916.0,0.0,ok
928,15,Pulgar — Palmar,9,2,0.000,0.000,732.0,0.0,ok
929,15,Pulgar — Palmar,9,3,0.000,0.000,439.0,0.0,ok
930,15,Pulgar — Palmar,9,4,0.000,0.000,1128.0,0.0,ok
931,15,Pulgar — Palmar,9,5,0.000,0.000,995.0,0.0,ok
932,15,Pulgar — Palmar,9,6,0.000,0.000,369.0,0.0,ok
933,15,Pulgar — Palmar,9,7,0.000,0.000,1036.0,0.0,ok
934,15,Pulgar — Palmar,10,0,0.000,0.000,519.0,0.0,ok
935,15,Pulgar — Palmar,10,1,0.000,0.000,815.0,0.0,ok
936,15,Pulgar — Palmar,10,2,0.000,0.000,904.0,0.0,ok
937,15,Pulgar — Palmar,10,3,0.000,0.000,825.0,0.0,ok
938,15,Pulgar — Palmar,10,4,0.000,0.000,922.0,0.0,ok
939,15,Pulgar — Palmar,10,5,0.000,0.000,965.0,0.0,ok
940,15,Pulgar — Palmar,10,6,0.000,0.000,894.0,0.0,ok
941,15,Pulgar — Palmar,10,7,0.000,0.000,862.0,0.0,ok
942,15,Pulgar — Palmar,11,0,0.000,0.000,1130.0,0.0,ok
943,15,Pulgar — Palmar,11,1,0.000,0.000,321.0,0.0,ok
944,15,Pulgar — Palmar,11,2,0.000,0.000,358.0,0.0,ok
945,15,Pulgar — Palmar,11,3,0.000,0.000,988.0,0.0,ok
946,15,Pulgar — Palmar,11,4,0.000,0.000,382.0,0.0,ok
947,15,Pulgar — Palmar,11,5,0.000,0.000,354.0,0.0,ok
948,15,Pulgar — Palmar,11,6,0.000,0.000,796.0,0.0,ok
949,15,Pulgar — Palmar,11,7,0.000,0.000,374.0,0.0,ok
950,16,Palma,0,0,0.000,0.000,0.0,0.0,stuck_low
951,16,Palma,0,1,0.000,0.000,468.0,0.0,ok
952,16,Palma,0,2,0.000,0.000,1017.0,0.0,ok
953,16,Palma,0,3,0.000,0.000,905.0,0.0,ok
954,16,Palma,0,4,0.000,0.000,1086.0,0.0,ok
955,16,Palma,0,5,0.000,0.000,1421.0,0.0,ok
956,16,Palma,0,6,0.000,0.000,1302.0,0.0,ok
957,16,Palma,0,7,0.000,0.000,0.0,0.0,stuck_low
958,16,Palma,1,0,0.000,0.000,0.0,0.0,stuck_low
959,16,Palma,1,1,0.000,0.000,585.0,0.0,ok
960,16,Palma,1,2,0.000,0.000,999.0,0.0,ok
961,16,Palma,1,3,0.000,0.000,1013.0,0.0,ok
962,16,Palma,1,4,0.000,0.000,645.0,0.0,ok
963,16,Palma,1,5,0.000,0.000,1239.0,0.0,ok
964,16,Palma,1,6,0.000,0.000,1316.0,0.0,ok
965,16,Palma,1,7,0.000,0.000,0.0,0.0,stuck_low
966,16,Palma,2,0,0.000,0.000,0.0,0.0,stuck_low
967,16,Palma,2,1,0.000,0.000,444.0,0.0,ok
968,16,Palma,2,2,0.000,0.000,1103.0,0.0,ok
969,16,Palma,2,3,0.000,0.000,1180.0,0.0,ok
970,16,Palma,2,4,0.000,0.000,962.0,0.0,ok
971,16,Palma,2,5,0.000,0.000,1157.0,0.0,ok
972,16,Palma,2,6,0.000,0.000,1431.0,0.0,ok
973,16,Palma,2,7,0.000,0.000,0.0,0.0,stuck_low
974,16,Palma,3,0,0.000,0.000,0.0,0.0,stuck_low
975,16,Palma,3,1,0.000,0.000,616.0,0.0,ok
976,16,Palma,3,2,0.000,0.000,1279.0,0.0,ok
977,16,Palma,3,3,0.000,0.000,1377.0,0.0,ok
978,16,Palma,3,4,0.000,0.000,1308.0,0.0,ok
979,16,Palma,3,5,0.000,0.000,1489.0,0.0,ok
980,16,Palma,3,6,0.000,0.000,1509.0,0.0,ok
981,16,Palma,3,7,0.000,0.000,0.0,0.0,stuck_low
982,16,Palma,4,0,0.000,0.000,0.0,0.0,stuck_low
983,16,Palma,4,1,0.000,0.000,468.0,0.0,ok
984,16,Palma,4,2,0.000,0.000,1305.0,0.0,ok
985,16,Palma,4,3,0.000,0.000,1535.0,0.0,ok
986,16,Palma,4,4,0.000,0.000,1470.0,0.0,ok
987,16,Palma,4,5,0.000,0.000,1569.0,0.0,ok
988,16,Palma,4,6,0.000,0.000,1234.0,0.0,ok
989,16,Palma,4,7,0.000,0.000,0.0,0.0,stuck_low
990,16,Palma,5,0,0.000,0.000,0.0,0.0,stuck_low
991,16,Palma,5,1,0.000,0.000,129.0,0.0,ok
992,16,Palma,5,2,0.000,0.000,974.0,0.0,ok
993,16,Palma,5,3,0.000,0.000,1448.0,0.0,ok
994,16,Palma,5,4,0.000,0.000,1514.0,0.0,ok
995,16,Palma,5,5,0.000,0.000,1308.0,0.0,ok
996,16,Palma,5,6,5.187,3.070,146.0,9.2,noisy
997,16,Palma,5,7,0.000,0.000,0.0,0.0,stuck_low
998,16,Palma,6,0,0.000,0.000,0.0,0.0,stuck_low
999,16,Palma,6,1,0.000,0.000,0.0,0.0,stuck_low
1000,16,Palma,6,2,0.000,0.000,273.0,0.0,ok
1001,16,Palma,6,3,0.000,0.000,805.0,0.0,ok
1002,16,Palma,6,4,0.000,0.000,1026.0,0.0,ok
1003,16,Palma,6,5,0.000,0.000,108.0,0.0,ok
1004,16,Palma,6,6,0.000,0.000,0.0,0.0,stuck_low
1005,16,Palma,6,7,0.000,0.000,0.0,0.0,stuck_low
1006,16,Palma,7,0,0.000,0.000,0.0,0.0,stuck_low
1007,16,Palma,7,1,0.000,0.000,0.0,0.0,stuck_low
1008,16,Palma,7,2,0.000,0.000,165.0,0.0,ok
1009,16,Palma,7,3,0.000,0.000,539.0,0.0,ok
1010,16,Palma,7,4,0.000,0.000,295.0,0.0,ok
1011,16,Palma,7,5,0.000,0.000,0.0,0.0,stuck_low
1012,16,Palma,7,6,0.000,0.000,0.0,0.0,stuck_low
1013,16,Palma,7,7,0.000,0.000,0.0,0.0,stuck_low
1014,16,Palma,8,0,0.000,0.000,0.0,0.0,stuck_low
1015,16,Palma,8,1,0.000,0.000,931.0,0.0,ok
1016,16,Palma,8,2,0.000,0.000,1254.0,0.0,ok
1017,16,Palma,8,3,0.000,0.000,1247.0,0.0,ok
1018,16,Palma,8,4,0.000,0.000,916.0,0.0,ok
1019,16,Palma,8,5,0.000,0.000,0.0,0.0,stuck_low
1020,16,Palma,8,6,0.000,0.000,0.0,0.0,stuck_low
1021,16,Palma,8,7,0.000,0.000,0.0,0.0,stuck_low
1022,16,Palma,9,0,0.000,0.000,1133.0,0.0,ok
1023,16,Palma,9,1,0.000,0.000,1590.0,0.0,ok
1024,16,Palma,9,2,0.000,0.000,1617.0,0.0,ok
1025,16,Palma,9,3,0.000,0.000,1453.0,0.0,ok
1026,16,Palma,9,4,0.000,0.000,1089.0,0.0,ok
1027,16,Palma,9,5,0.000,0.000,460.0,0.0,ok
1028,16,Palma,9,6,0.000,0.000,0.0,0.0,stuck_low
1029,16,Palma,9,7,0.000,0.000,0.0,0.0,stuck_low
1030,16,Palma,10,0,0.000,0.000,1351.0,0.0,ok
1031,16,Palma,10,1,0.000,0.000,1754.0,0.0,ok
1032,16,Palma,10,2,0.000,0.000,1571.0,0.0,ok
1033,16,Palma,10,3,0.000,0.000,1453.0,0.0,ok
1034,16,Palma,10,4,0.000,0.000,1142.0,0.0,ok
1035,16,Palma,10,5,0.000,0.000,998.0,0.0,ok
1036,16,Palma,10,6,0.000,0.000,0.0,0.0,stuck_low
1037,16,Palma,10,7,0.000,0.000,0.0,0.0,stuck_low
1038,16,Palma,11,0,0.000,0.000,1396.0,0.0,ok
1039,16,Palma,11,1,0.000,0.000,1638.0,0.0,ok
1040,16,Palma,11,2,0.000,0.000,1379.0,0.0,ok
1041,16,Palma,11,3,0.000,0.000,1353.0,0.0,ok
1042,16,Palma,11,4,0.000,0.000,1257.0,0.0,ok
1043,16,Palma,11,5,0.000,0.000,869.0,0.0,ok
1044,16,Palma,11,6,0.000,0.000,0.0,0.0,stuck_low
1045,16,Palma,11,7,0.000,0.000,0.0,0.0,stuck_low
1046,16,Palma,12,0,0.000,0.000,763.0,0.0,ok
1047,16,Palma,12,1,0.000,0.000,1095.0,0.0,ok
1048,16,Palma,12,2,0.000,0.000,1073.0,0.0,ok
1049,16,Palma,12,3,0.000,0.000,1032.0,0.0,ok
1050,16,Palma,12,4,0.000,0.000,875.0,0.0,ok
1051,16,Palma,12,5,0.000,0.000,150.0,0.0,ok
1052,16,Palma,12,6,0.000,0.000,0.0,0.0,stuck_low
1053,16,Palma,12,7,0.000,0.000,0.0,0.0,stuck_low
1054,16,Palma,13,0,0.000,0.000,444.0,0.0,ok
1055,16,Palma,13,1,0.000,0.000,382.0,0.0,ok
1056,16,Palma,13,2,0.000,0.000,385.0,0.0,ok
1057,16,Palma,13,3,0.000,0.000,407.0,0.0,ok
1058,16,Palma,13,4,0.000,0.000,350.0,0.0,ok
1059,16,Palma,13,5,0.000,0.000,0.0,0.0,stuck_low
1060,16,Palma,13,6,0.000,0.000,0.0,0.0,stuck_low
1061,16,Palma,13,7,0.000,0.000,0.0,0.0,stuck_low
